{
    "type": "minecraft:command",
    "pools": [
      {
        "rolls": 1,
        "entries": [
          {
            "type": "minecraft:item",
            "name": "minecraft:apple",
            "functions": [
              {
                "function": "minecraft:set_name",
                "entity": "this",
                "name": [
                  {
                    "text": "",
                    "color": "white",
                    "italic": false
                  },
                  {
                    "text": "青りんご",
                    "color": "white",
                    "italic": false
                  },
                  ": ",
                  {
                    "text": "10",
                    "bold": true
                  },
                  {
                    "text": "G",
                    "color": "#FFEE59"
                  }
                ]
              },
              {
                "function": "minecraft:set_nbt",
                "tag": "{Food:1b,Hp:5,Mp:5,buy:10,sell:5,CustomModelData:1}"
              },
              {
                "function": "minecraft:set_nbt",
                "tag": "{menu:{blank:1b,button:\"goods\",multiple:1b,goods:1b,name:\"青りんご\"}}"
              },
              {
                "function": "minecraft:set_lore",
                "entity": "this",
                "lore": [
                  [
                    {
                      "text": "",
                      "color": "#D8D8D8",
                      "italic": false
                    },
                    {
                      "text": "不思議な香りのする青りんご"
                    }
                  ],
                  [
                    {
                      "text": "",
                      "color": "#D8D8D8",
                      "italic": false
                    },
                    {
                      "text": "微量の魔力を感じる。"
                    }
                  ]
                ]
              },
              {
                "function": "minecraft:set_lore",
                "entity": "this",
                "lore": [
                  {
                    "text": "⎯⎯⎯⎯⎯⎯⎯⎯⎯⎯⎯⎯⎯⎯⎯⎯⎯⎯⎯⎯⎯",
                    "color": "dark_gray",
                    "strikethrough": true
                  }
                ]
              },
              {
                "function": "minecraft:set_lore",
                "entity": "this",
                "lore": [
                  [
                    {
                      "text": "ﾎﾞｰﾅｽ▸ ",
                      "color": "white",
                      "italic": false
                    }
                  ]
                ]
              },
              {
                "function": "minecraft:set_lore",
                "entity": "this",
                "lore": [
                  [
                    {
                      "text": "HP:",
                      "color": "#E0E0E0",
                      "italic": false
                    },
                    {
                      "text": "+5",
                      "color": "#72FF5C",
                      "italic": false
                    }
                    ],
                    [
                    {
                      "text": "MP:",
                      "color": "#E0E0E0",
                      "italic": false
                    },
                    {
                      "text": "+12",
                      "color": "#72FF5C",
                      "italic": false
                    }
                  ]
                  ]
              }
            ]
          }
        ]
      }
    ]
  }
  