{
    "type": "minecraft:command",
    "pools": [
      {
        "rolls": 1,
        "entries": [
          {
            "type": "minecraft:item",
            "name": "minecraft:carrot_on_a_stick",
            "functions": [
              {
                "function": "minecraft:set_name",
                "entity": "this",
                "name": [
                  {
                    "text": "",
                    "color": "white",
                    "italic": false
                  },
                  {
                    "text": "古びた剣",
                    "color": "white",
                    "italic": false
                  }
                ]
              },
              {
                "function": "minecraft:set_nbt",
                "tag": "{Unbreakable:1b,CustomModelData:12,rarity:1,buy:30,sell:20,HideFlags:127,MP:20,Combo:1}"
              },
              {
                "function": "minecraft:set_nbt",
                "tag": "{MP:20,AD:4,CustomModelData:12,weapon:1b,Sword:1b}"
              },
              {
                "function": "minecraft:set_lore",
                "entity": "this",
                "lore": [
                  [
                    {
                      "text": "",
                      "color": "#D8D8D8",
                      "italic": false
                    },
                    {
                      "text": "ただの木でできた剣。"
                    }
                  ],
                  [
                    {
                      "text": "",
                      "color": "#D8D8D8",
                      "italic": false
                    },
                    {
                      "text": "意外と鋭い。"
                    }
                  ]
                ]
              },
              {
                "function": "minecraft:set_lore",
                "entity": "this",
                "lore": [
                  {
                    "text": "⎯⎯⎯⎯⎯⎯⎯⎯⎯⎯⎯⎯⎯⎯⎯⎯⎯⎯⎯⎯⎯",
                    "color": "dark_gray",
                    "strikethrough": true
                  }
                ]
              },
              {
                "function": "minecraft:set_lore",
                "entity": "this",
                "lore": [
                  [
                    {
                      "text": "ﾎﾞｰﾅｽ▸ ",
                      "color": "white",
                      "italic": false
                    }
                  ]
                ]
              },
              {
                "function": "minecraft:set_lore",
                "entity": "this",
                "lore": [
                  [
                    {
                      "text": "物理攻撃: ",
                      "color": "#E0E0E0",
                      "italic": false
                    },
                    {
                      "text": "+4",
                      "color": "#72FF5C",
                      "italic": false
                    }
                  ]
                ]
              },
              {
                "function": "minecraft:set_lore",
                "entity": "this",
                "lore": [
                  [
                    {
                      "text": "特殊攻撃必要MP: ",
                      "color": "#E0E0E0",
                      "italic": false
                    },
                    {
                      "text": "20",
                      "color": "#FF5544",
                      "italic": false
                    }
                  ]
                ]
              },
              {
                "function": "minecraft:set_lore",
                "entity": "this",
                "lore": [
                  {
                    "text": "⎯⎯⎯⎯⎯⎯⎯⎯⎯⎯⎯⎯⎯⎯⎯⎯⎯⎯⎯⎯⎯",
                    "color": "dark_gray",
                    "strikethrough": true
                  }
                ]
              },
              {
                "function": "minecraft:set_lore",
                "entity": "this",
                "lore": [
                  [
                    {
                      "text": "売値: ",
                      "color": "#E0E0E0",
                      "italic": false
                    },
                    {
                      "text": "20",
                      "color": "#E0E0E0",
                      "italic": false
                    },
                    {
                      "text": "G",
                      "color": "#FFEE59",
                      "italic": false
                    }
                  ]
                ]
              }
            ]
          }
        ]
      }
    ]
  }
  