{
    "pools": [
      {
        "rolls": 7,
        "bonus_rolls": 0.1,
        "entries": [
          {
            "type": "minecraft:item",
            "weight": 5,
            "name": "minecraft:gold_ingot",
            "functions": [
              {
                "function": "minecraft:set_count",
                "count": {
                  "min": 0,
                  "max": 4
                }
              },
            
              {
                "function": "minecraft:set_lore",
                "entity": "this",
                "lore": [
                  {
                    "text": "金の塊。価値は高い。",
                    "color": "#D8D8D8",
                    "bold": false,
                    "italic": false,
                    "underlined": false,
                    "strikethrough": false
                  }
                ]
              },
              {
                "function": "minecraft:set_name",
                "entity": "this",
                "name": {
                  "text": "金の塊",
                  "color": "white",
                  "bold": false,
                  "italic": false,
                  "underlined": false,
                  "strikethrough": false,
                  "obfuscated": false
                }
              }
            ]
          },
          {
            "type": "minecraft:item",
            "weight": 1,
            "name": "minecraft:barrier",
            "functions": [
              {
                "function": "minecraft:set_lore",
                "entity": "this",
                "lore": [
                  {
                    "text": "光り輝くダイヤモンドのかけら。",
                    "color": "white",
                    "bold": false,
                    "italic": false,
                    "underlined": false,
                    "strikethrough": false
                  }
                ]
              },
              {
                "function": "minecraft:set_lore",
                "entity": "this",
                "lore": [
                  {
                    "text": "小さいのにとても高く売れる。",
                    "color": "white",
                    "italic": false
                  }
                ],
                "replace": false
              },
              {
                "function": "minecraft:set_lore",
                "entity": "this",
                "lore": [
                  {
                    "text": "⎯⎯⎯⎯⎯⎯⎯⎯⎯⎯⎯⎯⎯⎯⎯⎯⎯⎯⎯⎯⎯",
                    "color": "dark_gray",
                    "strikethrough": true
                  }
                ]
              },
              {
                "function": "minecraft:set_lore",
                "entity": "this",
                "lore": [
                  [
                  {
                    "text": "売値:",
                    "color": "white",
                    "bold": false,
                    "italic": false,
                    "underlined": false,
                    "strikethrough": false,
                    "obfuscated": false
                  },
                  {
                    "text": "100",
                    "color": "white",
                    "bold": false,
                    "italic": false,
                    "underlined": false,
                    "strikethrough": false,
                    "obfuscated": false
                  },
                  {
                    "text": "G",
                    "color": "yellow",
                    "bold": false,
                    "italic": false,
                    "underlined": false,
                    "strikethrough": false,
                    "obfuscated": false
                  }
                  ]
                ]
              },
              {
                "function": "minecraft:set_name",
                "entity": "this",
                "name": {
                  "text": "ダイヤモンドのかけら",
                  "color": "#D8D8D8",
                  "bold": false,
                  "italic": false,
                  "underlined": false,
                  "strikethrough": false,
                  "obfuscated": false
                }
              },
              {
                "function": "minecraft:set_count",
                "count": {
                  "min": 0,
                  "max": 1
                }
              },
              {
                "function": "minecraft:set_nbt",
                "tag": "{CustomModelData:1,sell:100,rarity:3}"
              }
            ]
          },{
            "type": "minecraft:item",
            "weight": 17,
            "name": "minecraft:structure_void",
            "functions": [
              {
                "function": "minecraft:set_lore",
                "entity": "this",
                "lore": [
                  {
                    "text": "金の粒。そんなに価値はない。",
                    "color": "#D8D8D8",
                    "bold": false,
                    "italic": false,
                    "underlined": false,
                    "strikethrough": false
                  }
                ]
              },
              {
                "function": "minecraft:set_name",
                "entity": "this",
                "name": {
                  "text": "金の粒",
                  "color": "white",
                  "bold": false,
                  "italic": false,
                  "underlined": false,
                  "strikethrough": false,
                  "obfuscated": false
                }
              },
              {
                "function": "minecraft:set_count",
                "count": {
                  "min": 1,
                  "max": 3
                }
              },
              {
                "function": "minecraft:set_nbt",
                "tag": "{CustomModelData:1,rarity:1}"
              }
            ]
          },
          {
            "type": "minecraft:item",
            "weight": 20,
            "name": "minecraft:iron_ingot",
            "functions": [
              {
                "function": "minecraft:set_lore",
                "entity": "this",
                "lore": [
                    {
                      "text": "少し大きな鉄。",
                      "color": "#D8D8D8",
                      "bold": false,
                      "italic": false,
                      "underlined": false,
                      "strikethrough": false,
                      "obfuscated": false
                    }
                ]
              },
              {
                "function": "minecraft:set_lore",
                "entity": "this",
                "lore": [
                  {
                    "text": "武器の強化に使えそうだ。",
                    "color": "#D8D8D8",
                    "bold": false,
                    "italic": false,
                    "underlined": false,
                    "strikethrough": false,
                    "obfuscated": false
                  }
                ]
              },
              {
                "function": "minecraft:set_lore",
                "entity": "this",
                "lore": [
                  {
                    "text": "⎯⎯⎯⎯⎯⎯⎯⎯⎯⎯⎯⎯⎯⎯⎯⎯⎯⎯⎯⎯⎯",
                    "color": "dark_gray",
                    "strikethrough": true
                  }
                ]
              },
              {
                "function": "minecraft:set_lore",
                "entity": "this",
                "lore": [
                  [
                  {
                    "text": "売値:",
                    "color": "white",
                    "bold": false,
                    "italic": false,
                    "underlined": false,
                    "strikethrough": false,
                    "obfuscated": false
                  },
                  {
                    "text": "6",
                    "color": "white",
                    "bold": false,
                    "italic": false,
                    "underlined": false,
                    "strikethrough": false,
                    "obfuscated": false
                  },
                  {
                    "text": "G",
                    "color": "yellow",
                    "bold": false,
                    "italic": false,
                    "underlined": false,
                    "strikethrough": false,
                    "obfuscated": false
                  }
                  ]
                ]
              },
              {
                "function": "minecraft:set_name",
                "entity": "this",
                "name": {
                  "text": "鉄",
                  "color": "#AAFFAA",
                  "bold": false,
                  "italic": false,
                  "underlined": false,
                  "strikethrough": false,
                  "obfuscated": false
                }
              },
              {
                "function": "minecraft:set_count",
                "count": {
                  "min": 1,
                  "max": 3
                }
              },
              {
                "function": "minecraft:set_nbt",
                "tag": "{sell:6,CustomModelData:1501,rarity:2}"
              },
              {
                "function": "minecraft:set_lore",
                "entity": "this",
                "lore": [
                [
                  {
                    "text": "⎯⎯⎯⎯⎯⎯⎯⎯⎯⎯⎯⎯⎯⎯⎯⎯⎯⎯⎯⎯⎯",
                    "color": "dark_gray",
                    "strikethrough": true
                  }
                ],
                [
                  {
                    "text": "ﾚｱﾘﾃｨ:【",
                    "color": "white",
                    "italic":false,
                    "strikethrough": false
                  },
                  {
                    "text": "グッド",
                    "color": "#00FF00",
                    "bold": true,
                    "italic":false,
                    "strikethrough": false
                  },
                  {
                    "text": "】",
                    "color": "white",
                    "italic":false,
                    "strikethrough": false
                  }
                ]
              ]
              }
            ]
          }
        ]
      }
    ]
  }
  