{
    "type": "minecraft:command",
    "pools": [
      {
        "rolls": 1,
        "entries": [
          {
            "type": "minecraft:item",
            "name": "minecraft:cooked_mutton",
            "functions": [
              {
                "function": "minecraft:set_name",
                "entity": "this",
                "name": [
                  {
                    "text": "",
                    "color": "white",
                    "italic": false
                  },
                  {
                    "text": "焼きリンゴ",
                    "color": "white",
                    "italic": false
                  }
                ]
              },
              {
                "function": "minecraft:set_nbt",
                "tag": "{Food:1b,Hp:10,Mp:12,sell:7,CustomModelData:1}"
              },
              {
                "function": "minecraft:set_lore",
                "entity": "this",
                "lore": [
                  [
                    {
                      "text": "",
                      "color": "#D8D8D8",
                      "italic": false
                    },
                    {
                      "text": "焚火で焼いたリンゴ。"
                    }
                  ],
                  [
                    {
                      "text": "甘く、香ばしい匂いがする。",
                      "color": "#D8D8D8",
                      "italic": false
                    },
                    {
                      "text": ""
                    }
                  ]
                ]
              },
              {
                "function": "minecraft:set_lore",
                "entity": "this",
                "lore": [
                  {
                    "text": "⎯⎯⎯⎯⎯⎯⎯⎯⎯⎯⎯⎯⎯⎯⎯⎯⎯⎯⎯⎯⎯",
                    "color": "dark_gray",
                    "strikethrough": true
                  }
                ]
              },
              {
                "function": "minecraft:set_lore",
                "entity": "this",
                "lore": [
                  [
                    {
                      "text": "ﾎﾞｰﾅｽ▸ ",
                      "color": "white",
                      "italic": false
                    }
                  ]
                ]
              },
              {
                "function": "minecraft:set_lore",
                "entity": "this",
                "lore": [
                  [
                    {
                      "text": "HP:",
                      "color": "#E0E0E0",
                      "italic": false
                    },
                    {
                      "text": "+10",
                      "color": "#72FF5C",
                      "italic": false
                    }
                    ]
                ]
              },
              {
                "function": "minecraft:set_lore",
                "entity": "this",
                "lore": [
                  {
                    "text": "⎯⎯⎯⎯⎯⎯⎯⎯⎯⎯⎯⎯⎯⎯⎯⎯⎯⎯⎯⎯⎯",
                    "color": "dark_gray",
                    "strikethrough": true
                  }
                ]
              },
              {
                "function": "minecraft:set_lore",
                "entity": "this",
                "lore": [
                  [
                    {
                      "text": "売値: ",
                      "color": "#E0E0E0",
                      "italic": false
                    },
                    {
                      "text": "7",
                      "color": "#E0E0E0",
                      "italic": false
                    },
                    {
                      "text": "G",
                      "color": "#FFEE59",
                      "italic": false
                    }
                  ]
                ]
              }
            ]
          }
        ]
      }
    ]
  }
  