{
    "providers": [
        {
            "type": "ttf",
            "file": "minecraft:negative_spaces.ttf",
            "shift": [0.0, 0.0],
            "size": 10.0,
            "oversample": 1.0
        },
        {
            "type": "bitmap",
            "file": "minecraft:font/heart.png",
            "ascent": -23,
            "height": 15,
            "chars": [
                "\uE000"
            ]
        },
        {
            "type": "bitmap",
            "file": "minecraft:font/admia_madia.png",
            "ascent": 8,
            "height": 10,
            "chars": [
                "\uE900"
            ]
        },
        {
            "type": "bitmap",
            "file": "minecraft:font/hearts.png",
            "ascent": 8,
            "height": 10,
            "chars": [
                "\uE500",
                "\uE501",
                "\uE502",
                "\uE503",
                "\uE504"
            ]
        },
        {
            "type": "bitmap",
            "file": "minecraft:font/black.png",
            "ascent": 64,
            "height": 128,
            "chars": [
                "\uE001"
            ]
        },
        {
            "type": "bitmap",
            "file": "minecraft:font/custom_sign.png",
            "ascent": 12,
            "height": 48,
            "chars": [
                "\uE002"
            ]
        },
        {
            "type": "bitmap",
            "file": "minecraft:font/hello.png",
            "ascent": 0,
            "height": 32,
            "chars": [
                "\uE003"
            ]
        },
        {
            "type": "bitmap",
            "file": "minecraft:font/icon.png",
            "ascent": 0,
            "height": 9,
            "chars": [
                "\uE010\uE011\uE012\uE013",
                "\uE014\uE015\uE016\uE017",
                "\uE018\uE019\uE01A\uE01B",
                "\uE01C\uE01D\uE01E\uE01F"
            ]
        },
        {
            "type": "bitmap",
            "file": "minecraft:font/book_area128.png",
            "ascent": 14,
            "height": 135,
            "chars": [
                "\uE100"
            ]
        },
        {
            "type": "bitmap",
            "file": "minecraft:font/book_area256.png",
            "ascent": 14,
            "height": 135,
            "chars": [
                "\uE101"
            ]
        },
        {
            "type": "bitmap",
            "file": "minecraft:font/book_page1.png",
            "ascent": 14,
            "height": 135,
            "chars": [
                "\uE102"
            ]
        },
        {
            "type": "bitmap",
            "file": "minecraft:font/book_page2.png",
            "ascent": 30,
            "height": 50,
            "chars": [
                "\uE103"
            ]
        },
        {
            "type": "bitmap",
            "file": "minecraft:font/book_page3.png",
            "ascent": 14,
            "height": 135,
            "chars": [
                "\uE104"
            ]
        },
        {
            "type": "bitmap",
            "file": "minecraft:item/gold_nugget.png",
            "ascent": -10,
            "height": 20,
            "chars": [
                "\uE105"
            ]
        },
        {
            "type": "bitmap",
            "file": "minecraft:font/custom_gui_craft.png",
            "ascent": 95,
            "height": 250,
            "chars": [
                "\uE200"
            ]
        },
        {
            "type": "bitmap",
            "file": "minecraft:font/custom_gui_cook.png",
            "ascent": 95,
            "height": 250,
            "chars": [
                "\uE201"
            ]
        },
        {
            "type": "bitmap",
            "file": "minecraft:font/shop.png",
            "ascent": 95,
            "height": 250,
            "chars": [
                "\uE202"
            ]
        }
    ]
}