{
    "providers": [
        {
            "type": "ttf",
            "file": "minecraft:custom.ttf",
            "shift": [2.0, 14.0],
            "size": 8.0,
            "oversample": 1.0
        },
        {
            "type": "ttf",
            "file": "minecraft:negative_spaces.ttf",
            "shift": [0.0, 0.0],
            "size": 10.0,
            "oversample": 1.0
        },
        {
            "type": "bitmap",
            "file": "minecraft:font/gold_icon.png",
            "ascent": 13,
            "height": 30,
            "chars": [
                "\uE000"
            ]
        }
    ]
}