{
	"credit": "Made with Blockbench",
	"texture_size": [32, 32],
	"textures": {
		"1": "3d_texture/small_lantern_off"
	},
	"elements": [
		{
			"from": [4, 0, 4],
			"to": [12, 2, 12],
			"faces": {
				"north": {"uv": [8, 4.5, 10, 5], "texture": "#1"},
				"east": {"uv": [8, 5, 10, 5.5], "texture": "#1"},
				"south": {"uv": [8, 5.5, 10, 6], "texture": "#1"},
				"west": {"uv": [8, 6, 10, 6.5], "texture": "#1"},
				"up": {"uv": [6, 6, 4, 4], "texture": "#1"},
				"down": {"uv": [2, 5, 0, 7], "texture": "#1"}
			}
		},
		{
			"from": [6, 1, 6],
			"to": [10, 10, 10],
			"faces": {
				"north": {"uv": [0, 7, 1, 9.5], "texture": "#1"},
				"east": {"uv": [1, 7, 2, 9.5], "texture": "#1"},
				"south": {"uv": [4, 7.5, 5, 10], "texture": "#1"},
				"west": {"uv": [5, 7.5, 6, 10], "texture": "#1"},
				"up": {"uv": [3.5, 9, 2.5, 8], "texture": "#1"},
				"down": {"uv": [9, 3.5, 8, 4.5], "texture": "#1"}
			}
		},
		{
			"from": [4, 6.9, 4],
			"to": [12, 17.6, 12],
			"faces": {
				"north": {"uv": [0, 0, 2, 2.5], "texture": "#1"},
				"east": {"uv": [2, 0, 4, 2.5], "texture": "#1"},
				"south": {"uv": [0, 2.5, 2, 5], "texture": "#1"},
				"west": {"uv": [2, 2.5, 4, 5], "texture": "#1"},
				"up": {"uv": [6, 2, 4, 0], "texture": "#1"},
				"down": {"uv": [6, 2, 4, 4], "texture": "#1"}
			}
		},
		{
			"from": [8, 7, 4],
			"to": [13, 14, 12],
			"faces": {
				"north": {"uv": [9, 1.5, 9.5, 3], "texture": "#1"},
				"east": {"uv": [6, 6, 8, 7.5], "texture": "#1"},
				"south": {"uv": [2.5, 9, 3, 10.5], "texture": "#1"},
				"west": {"uv": [2, 6.5, 4, 8], "texture": "#1"},
				"up": {"uv": [8.5, 3.5, 8, 1.5], "texture": "#1"},
				"down": {"uv": [2.5, 8, 2, 10], "texture": "#1"}
			}
		},
		{
			"from": [4, 7, 8],
			"to": [12, 14, 13],
			"faces": {
				"north": {"uv": [4, 6, 6, 7.5], "texture": "#1"},
				"east": {"uv": [8.5, 1.5, 9, 3], "texture": "#1"},
				"south": {"uv": [6, 4.5, 8, 6], "texture": "#1"},
				"west": {"uv": [8.5, 8, 9, 9.5], "texture": "#1"},
				"up": {"uv": [10, 1, 8, 0.5], "texture": "#1"},
				"down": {"uv": [10, 1, 8, 1.5], "texture": "#1"}
			}
		},
		{
			"from": [4, 7, 3],
			"to": [12, 14, 8],
			"faces": {
				"north": {"uv": [6, 1.5, 8, 3], "texture": "#1"},
				"east": {"uv": [7.5, 8, 8, 9.5], "texture": "#1"},
				"south": {"uv": [6, 3, 8, 4.5], "texture": "#1"},
				"west": {"uv": [8, 8, 8.5, 9.5], "texture": "#1"},
				"up": {"uv": [9, 8, 7, 7.5], "texture": "#1"},
				"down": {"uv": [10, 0, 8, 0.5], "texture": "#1"}
			}
		},
		{
			"from": [3, 7, 4],
			"to": [8, 14, 12],
			"faces": {
				"north": {"uv": [3.5, 8, 4, 9.5], "texture": "#1"},
				"east": {"uv": [2, 5, 4, 6.5], "texture": "#1"},
				"south": {"uv": [7, 8, 7.5, 9.5], "texture": "#1"},
				"west": {"uv": [6, 0, 8, 1.5], "texture": "#1"},
				"up": {"uv": [6.5, 9.5, 6, 7.5], "texture": "#1"},
				"down": {"uv": [7, 7.5, 6.5, 9.5], "texture": "#1"}
			}
		}
	]
}