{
	"credit": "Made with Blockbench",
	"texture_size": [64, 64],
	"textures": {
		"0": "3d_texture/distortion_crystal",
		"particle": "3d_texture/distortion_crystal"
	},
	"elements": [
		{
			"from": [9, 0, 1],
			"to": [15, 1, 12],
			"rotation": {"angle": -22.5, "axis": "y", "origin": [3, 0, 0]},
			"faces": {
				"north": {"uv": [8.5, 1, 10, 1.25], "texture": "#0"},
				"east": {"uv": [7.75, 1.25, 10.5, 1.5], "texture": "#0"},
				"south": {"uv": [8.75, 8.75, 10.25, 9], "texture": "#0"},
				"west": {"uv": [6, 8.25, 8.75, 8.5], "texture": "#0"},
				"up": {"uv": [1.5, 5, 0, 2.25], "texture": "#0"},
				"down": {"uv": [3, 2.25, 1.5, 5], "texture": "#0"}
			}
		},
		{
			"from": [-1, 0, 3],
			"to": [7, 1.25, 12],
			"rotation": {"angle": 22.5, "axis": "y", "origin": [3, 0, 0]},
			"faces": {
				"north": {"uv": [8.25, 8, 10.25, 8.25], "texture": "#0"},
				"east": {"uv": [8.25, 6, 10.5, 6.25], "texture": "#0"},
				"south": {"uv": [8.5, 0.75, 10.5, 1], "texture": "#0"},
				"west": {"uv": [8.25, 6.25, 10.5, 6.5], "texture": "#0"},
				"up": {"uv": [2, 2.25, 0, 0], "texture": "#0"},
				"down": {"uv": [4, 0, 2, 2.25], "texture": "#0"}
			}
		},
		{
			"from": [6, 0, 5.25],
			"to": [15, 1.5, 11.5],
			"rotation": {"angle": 0, "axis": "y", "origin": [3, 0, 0]},
			"faces": {
				"north": {"uv": [7, 3.5, 9.25, 4], "texture": "#0"},
				"east": {"uv": [3, 8, 4.5, 8.5], "texture": "#0"},
				"south": {"uv": [7, 4, 9.25, 4.5], "texture": "#0"},
				"west": {"uv": [4.5, 8, 6, 8.5], "texture": "#0"},
				"up": {"uv": [3.5, 6.5, 1.25, 5], "texture": "#0"},
				"down": {"uv": [7.75, 0, 5.5, 1.5], "texture": "#0"}
			}
		},
		{
			"from": [8, 0.5, -2],
			"to": [14, 4.75, 4],
			"rotation": {"angle": -45, "axis": "y", "origin": [0, 0, 0]},
			"faces": {
				"north": {"uv": [1.25, 6.5, 2.75, 7.5], "texture": "#0"},
				"east": {"uv": [7, 1.5, 8.5, 2.5], "texture": "#0"},
				"south": {"uv": [7, 2.5, 8.5, 3.5], "texture": "#0"},
				"west": {"uv": [2.75, 7, 4.25, 8], "texture": "#0"},
				"up": {"uv": [7, 3, 5.5, 1.5], "texture": "#0"},
				"down": {"uv": [7, 3, 5.5, 4.5], "texture": "#0"}
			}
		},
		{
			"from": [4, 0.5, 6],
			"to": [10, 3.5, 12],
			"faces": {
				"north": {"uv": [7, 4.5, 8.5, 5.25], "texture": "#0"},
				"east": {"uv": [7, 5.25, 8.5, 6], "texture": "#0"},
				"south": {"uv": [4.25, 7.25, 5.75, 8], "texture": "#0"},
				"west": {"uv": [5.75, 7.25, 7.25, 8], "texture": "#0"},
				"up": {"uv": [5, 7, 3.5, 5.5], "texture": "#0"},
				"down": {"uv": [7, 4.5, 5.5, 6], "texture": "#0"}
			}
		},
		{
			"from": [9.5, 12.5, 3],
			"to": [12.5, 15.5, 6],
			"rotation": {"angle": 22.5, "axis": "x", "origin": [0, 0, 0]},
			"faces": {
				"north": {"uv": [8.25, 6.5, 9, 7.25], "texture": "#0"},
				"east": {"uv": [8.25, 7.25, 9, 8], "texture": "#0"},
				"south": {"uv": [8.5, 0, 9.25, 0.75], "texture": "#0"},
				"west": {"uv": [0.75, 8.5, 1.5, 9.25], "texture": "#0"},
				"up": {"uv": [2.25, 9.25, 1.5, 8.5], "texture": "#0"},
				"down": {"uv": [9.25, 1.5, 8.5, 2.25], "texture": "#0"}
			}
		},
		{
			"from": [10, 5.75, 11.25],
			"to": [13, 8.75, 14.25],
			"rotation": {"angle": -22.5, "axis": "x", "origin": [0, 0, 0]},
			"faces": {
				"north": {"uv": [8.5, 2.25, 9.25, 3], "texture": "#0"},
				"east": {"uv": [3, 8.5, 3.75, 9.25], "texture": "#0"},
				"south": {"uv": [3.75, 8.5, 4.5, 9.25], "texture": "#0"},
				"west": {"uv": [4.5, 8.5, 5.25, 9.25], "texture": "#0"},
				"up": {"uv": [9.25, 5.25, 8.5, 4.5], "texture": "#0"},
				"down": {"uv": [6, 8.5, 5.25, 9.25], "texture": "#0"}
			}
		},
		{
			"from": [5.75, -1.5, 7.25],
			"to": [9.75, 0.5, 10.75],
			"rotation": {"angle": 45, "axis": "z", "origin": [0, 0, 0]},
			"faces": {
				"north": {"uv": [8.5, 3, 9.5, 3.5], "texture": "#0"},
				"east": {"uv": [6.75, 8.5, 7.75, 9], "texture": "#0"},
				"south": {"uv": [7.75, 8.5, 8.75, 9], "texture": "#0"},
				"west": {"uv": [8.75, 8.25, 9.75, 8.75], "texture": "#0"},
				"up": {"uv": [8.25, 8.25, 7.25, 7.25], "texture": "#0"},
				"down": {"uv": [2.25, 7.5, 1.25, 8.5], "texture": "#0"}
			}
		},
		{
			"from": [6, -1.5, 8],
			"to": [8.5, 3.5, 10.5],
			"rotation": {"angle": 45, "axis": "z", "origin": [0, 0, 0]},
			"faces": {
				"north": {"uv": [7.5, 6, 8.25, 7.25], "texture": "#0"},
				"east": {"uv": [0, 7.75, 0.75, 9], "texture": "#0"},
				"south": {"uv": [7.75, 0, 8.5, 1.25], "texture": "#0"},
				"west": {"uv": [2.25, 8, 3, 9.25], "texture": "#0"},
				"up": {"uv": [9.25, 6, 8.5, 5.25], "texture": "#0"},
				"down": {"uv": [6.75, 8.5, 6, 9.25], "texture": "#0"}
			}
		},
		{
			"from": [4, 4.5, 7],
			"to": [8.5, 15.5, 11.5],
			"rotation": {"angle": -22.5, "axis": "z", "origin": [0, 0, 0]},
			"faces": {
				"north": {"uv": [3, 2.25, 4.25, 5], "texture": "#0"},
				"east": {"uv": [4.25, 0, 5.5, 2.75], "texture": "#0"},
				"south": {"uv": [4.25, 2.75, 5.5, 5.5], "texture": "#0"},
				"west": {"uv": [0, 5, 1.25, 7.75], "texture": "#0"},
				"up": {"uv": [6.25, 7.25, 5, 6], "texture": "#0"},
				"down": {"uv": [7.5, 6, 6.25, 7.25], "texture": "#0"}
			}
		}
	],
	"groups": [
		{
			"name": "base",
			"origin": [8, 8, 8],
			"color": 0,
			"children": [0, 1, 2]
		},
		{
			"name": "crystal",
			"origin": [8, 8, 8],
			"color": 0,
			"children": [3, 4, 5, 6, 7, 8, 9]
		}
	]
}