[
  {
    "function": "minecraft:set_nbt",
    "tag": "{HideFlags: 127, cook: {type: 1, tool: 1b}, display: {Lore: ['{\"italic\":false,\"color\":\"#D8D8D8\",\"extra\":[{\"text\":\"料理に使うボウル。\"}],\"text\":\"\"}', '{\"italic\":false,\"color\":\"#D8D8D8\",\"extra\":[{\"text\":\"主にスープなどの汁物をいれる。\"}],\"text\":\"\"}', '{\"strikethrough\":true,\"color\":\"dark_gray\",\"text\":\"⎯⎯⎯⎯⎯⎯⎯⎯⎯⎯⎯⎯⎯⎯⎯⎯⎯⎯⎯⎯⎯\"}', '{\"italic\":false,\"color\":\"white\",\"text\":\"ﾎﾞｰﾅｽ▸ \"}', '{\"italic\":false,\"color\":\"#E0E0E0\",\"text\":\"無し\"}', '{\"strikethrough\":true,\"color\":\"dark_gray\",\"text\":\"⎯⎯⎯⎯⎯⎯⎯⎯⎯⎯⎯⎯⎯⎯⎯⎯⎯⎯⎯⎯⎯\"}', '{\"italic\":false,\"color\":\"#E0E0E0\",\"extra\":[{\"italic\":false,\"color\":\"#E0E0E0\",\"text\":\"10\"},{\"italic\":false,\"color\":\"#FFEE59\",\"text\":\"G\"}],\"text\":\"売値: \"}'], Name: '{\"italic\":false,\"color\":\"white\",\"extra\":[{\"italic\":false,\"color\":\"white\",\"text\":\"ボウル\"}],\"text\":\"\"}'}, buy: 20, sell: 10}"
  }
]
