{
  "criteria": {
    "attack": {
      "trigger": "minecraft:player_hurt_entity",
      "conditions": {
        "player": {
          "equipment": {
            "mainhand": {
              "nbt": "{weapon:1b}"
            }
          }
        },
        "damage": {
          "dealt": {
            "min": 1,
            "max": 1.49
          },
          "type": {
            "is_projectile": false
          }
        },
        "entity": {
          "type": "minecraft:vex",
          "nbt": "{Tags:[\"Leftclick\"]}"
        }
      }
    }
  },
  "rewards": {
    "function": "attack:charge_check/charged"
  }
}
