{
  "criteria": {
    "melee0": {
      "trigger": "minecraft:player_hurt_entity",
      "conditions": {
        "player": {
          "equipment": {
            "mainhand": {
              "nbt": "{weapon:1b}"
            }
          }
        },
        "damage": {
          "dealt": {
            "min": 0,
            "max": 0.24
          },
          "type": {
            "is_projectile": false
          }
        },
        "entity": {
          "type": "minecraft:vex",
          "nbt": "{Tags:[\"Leftclick\"]}"
        }
      }
    },
    "melee1": {
      "trigger": "minecraft:player_hurt_entity",
      "conditions": {
        "player": {
          "equipment": {
            "mainhand": {
              "nbt": "{weapon:1b}"
            }
          }
        },
        "damage": {
          "dealt": {
            "min": 0.25,
            "max": 0.49
          },
          "type": {
            "is_projectile": false
          }
        },
        "entity": {
          "type": "minecraft:vex",
          "nbt": "{Tags:[\"Leftclick\"]}"
        }
      }
    },
    "melee2": {
      "trigger": "minecraft:player_hurt_entity",
      "conditions": {
        "player": {
          "equipment": {
            "mainhand": {
              "nbt": "{weapon:1b}"
            }
          }
        },
        "damage": {
          "dealt": {
            "min": 0.5,
            "max": 0.74
          },
          "type": {
            "is_projectile": false
          }
        },
        "entity": {
          "type": "minecraft:vex",
          "nbt": "{Tags:[\"Leftclick\"]}"
        }
      }
    },
    "melee3": {
      "trigger": "minecraft:player_hurt_entity",
      "conditions": {
        "player": {
          "equipment": {
            "mainhand": {
              "nbt": "{weapon:1b}"
            }
          }
        },
        "damage": {
          "dealt": {
            "min": 0.75,
            "max": 0.99
          },
          "type": {
            "is_projectile": false
          }
        },
        "entity": {
          "type": "minecraft:vex",
          "nbt": "{Tags:[\"Leftclick\"]}"
        }
      }
    }
  },
  "requirements": [
    [
      "melee0",
      "melee1",
      "melee2",
      "melee3"
    ]
  ],
  "rewards": {
    "function": "attack:charge_check/miss"
  }
}
