{
    "criteria": {
        "MobID8.1": {
            "trigger": "minecraft:entity_hurt_player",
            "conditions": {
                "damage": {
                    "source_entity": {
                        "nbt": "{Tags:[\"MobID8.1\"]}"
                    }
                }
            }
        },
        "MobID8.0": {
            "trigger": "minecraft:entity_hurt_player",
            "conditions": {
                "damage": {
                    "source_entity": {
                        "nbt": "{Tags:[\"MobID8.0\"]}"
                    }
                }
            }
        },
        "MobID7.1": {
            "trigger": "minecraft:entity_hurt_player",
            "conditions": {
                "damage": {
                    "source_entity": {
                        "nbt": "{Tags:[\"MobID7.1\"]}"
                    }
                }
            }
        },
        "MobID7.0": {
            "trigger": "minecraft:entity_hurt_player",
            "conditions": {
                "damage": {
                    "source_entity": {
                        "nbt": "{Tags:[\"MobID7.0\"]}"
                    }
                }
            }
        },
        "MobID6.1": {
            "trigger": "minecraft:entity_hurt_player",
            "conditions": {
                "damage": {
                    "source_entity": {
                        "nbt": "{Tags:[\"MobID6.1\"]}"
                    }
                }
            }
        },
        "MobID6.0": {
            "trigger": "minecraft:entity_hurt_player",
            "conditions": {
                "damage": {
                    "source_entity": {
                        "nbt": "{Tags:[\"MobID6.0\"]}"
                    }
                }
            }
        },
        "MobID5.1": {
            "trigger": "minecraft:entity_hurt_player",
            "conditions": {
                "damage": {
                    "source_entity": {
                        "nbt": "{Tags:[\"MobID5.1\"]}"
                    }
                }
            }
        },
        "MobID5.0": {
            "trigger": "minecraft:entity_hurt_player",
            "conditions": {
                "damage": {
                    "source_entity": {
                        "nbt": "{Tags:[\"MobID5.0\"]}"
                    }
                }
            }
        },
        "MobID4.1": {
            "trigger": "minecraft:entity_hurt_player",
            "conditions": {
                "damage": {
                    "source_entity": {
                        "nbt": "{Tags:[\"MobID4.1\"]}"
                    }
                }
            }
        },
        "MobID4.0": {
            "trigger": "minecraft:entity_hurt_player",
            "conditions": {
                "damage": {
                    "source_entity": {
                        "nbt": "{Tags:[\"MobID4.0\"]}"
                    }
                }
            }
        },
        "MobID3.1": {
            "trigger": "minecraft:entity_hurt_player",
            "conditions": {
                "damage": {
                    "source_entity": {
                        "nbt": "{Tags:[\"MobID3.1\"]}"
                    }
                }
            }
        },
        "MobID3.0": {
            "trigger": "minecraft:entity_hurt_player",
            "conditions": {
                "damage": {
                    "source_entity": {
                        "nbt": "{Tags:[\"MobID3.0\"]}"
                    }
                }
            }
        },
        "MobID2.1": {
            "trigger": "minecraft:entity_hurt_player",
            "conditions": {
                "damage": {
                    "source_entity": {
                        "nbt": "{Tags:[\"MobID2.1\"]}"
                    }
                }
            }
        },
        "MobID2.0": {
            "trigger": "minecraft:entity_hurt_player",
            "conditions": {
                "damage": {
                    "source_entity": {
                        "nbt": "{Tags:[\"MobID2.0\"]}"
                    }
                }
            }
        },
        "MobID1.1": {
            "trigger": "minecraft:entity_hurt_player",
            "conditions": {
                "damage": {
                    "source_entity": {
                        "nbt": "{Tags:[\"MobID1.1\"]}"
                    }
                }
            }
        },
        "MobID1.0": {
            "trigger": "minecraft:entity_hurt_player",
            "conditions": {
                "damage": {
                    "source_entity": {
                        "nbt": "{Tags:[\"MobID1.0\"]}"
                    }
                }
            }
        },
        "MobID0.1": {
            "trigger": "minecraft:entity_hurt_player",
            "conditions": {
                "damage": {
                    "source_entity": {
                        "nbt": "{Tags:[\"MobID0.1\"]}"
                    }
                }
            }
        },
        "MobID0.0": {
            "trigger": "minecraft:entity_hurt_player",
            "conditions": {
                "damage": {
                    "source_entity": {
                        "nbt": "{Tags:[\"MobID0.0\"]}"
                    }
                }
            }
        }
    },
    "requirements": [
        [
            "MobID8.1",
            "MobID8.0"
        ],
        [
            "MobID7.1",
            "MobID7.0"
        ],
        [
            "MobID6.1",
            "MobID6.0"
        ],
        [
            "MobID5.1",
            "MobID5.0"
        ],
        [
            "MobID4.1",
            "MobID4.0"
        ],
        [
            "MobID3.1",
            "MobID3.0"
        ],
        [
            "MobID2.1",
            "MobID2.0"
        ],
        [
            "MobID1.1",
            "MobID1.0"
        ],
        [
            "MobID0.1",
            "MobID0.0"
        ]
    ],
    "rewards": {
        "function": "status:hp/hurt"
    }
}