{
    "display": {
      "icon": {
        "item": "minecraft:gilded_blackstone"
      },
      "title": "隠された黒き財宝",
      "description": "遺跡(黒)に足を踏み入れる",
      "background": "minecraft:granite",
      "frame": "challenge",
      "show_toast": true,
      "announce_to_chat": true,
      "hidden": true
    },
    "parent": "adventure:rpg/start_of_your_life",
    "criteria": {
      "requirement": {
        "trigger": "minecraft:impossible"
      }
    }
  }
  