{
  "display": {
    "icon": {
      "item": "minecraft:carrot_on_a_stick",
      "nbt": "{CustomModelData:3}"
    },
    "title": {
      "text": "アドミア・マディア",
      "obfuscated": true
    },
    "description": "あなたの物語の始まりだ！",
    "background": "minecraft:textures/block/granite.png",
    "frame": "challenge",
    "show_toast": true,
    "announce_to_chat": true,
    "hidden": true
  },
  "criteria": {
    "requirement": {
      "trigger": "minecraft:impossible"
    }
  },
  "rewards": {
    "function": "adventure:start"
  }
}
