{
    "type": "minecraft:command",
    "pools": [
      {
        "rolls": 1,
        "entries": [
          {
            "type": "minecraft:item",
            "name": "minecraft:apple",
            "functions": [
              {
                "function": "minecraft:set_name",
                "entity": "this",
                "name": [
                  {
                    "text": "",
                    "color": "white",
                    "italic": false
                  },
                  {
                    "text": "巨大なりんご",
                    "color": "white",
                    "italic": false
                  }
                ]
              },
              {
                "function": "minecraft:set_nbt",
                "tag": "{Food:1b,Hp:16,sell:8,CustomModelData:2,cook:{fluit:1b,apple:1b}}"
              },
              {
                "function": "minecraft:set_lore",
                "entity": "this",
                "lore": [
                  [
                    {
                      "text": "",
                      "color": "#D8D8D8",
                      "italic": false
                    },
                    {
                      "text": "すこし熟しすぎたリンゴ"
                    }
                  ],
                  [
                    {
                      "text": "",
                      "color": "#D8D8D8",
                      "italic": false
                    },
                    {
                      "text": "他のリンゴに比べてとても重い。"
                    }
                  ]
                ]
              },
              {
                "function": "minecraft:set_lore",
                "entity": "this",
                "lore": [
                  {
                    "text": "⎯⎯⎯⎯⎯⎯⎯⎯⎯⎯⎯⎯⎯⎯⎯⎯⎯⎯⎯⎯⎯",
                    "color": "dark_gray",
                    "strikethrough": true
                  }
                ]
              },
              {
                "function": "minecraft:set_lore",
                "entity": "this",
                "lore": [
                  [
                    {
                      "text": "ﾎﾞｰﾅｽ▸ ",
                      "color": "white",
                      "italic": false
                    }
                  ]
                ]
              },
              {
                "function": "minecraft:set_lore",
                "entity": "this",
                "lore": [
                  [
                    {
                      "text": "HP:",
                      "color": "#E0E0E0",
                      "italic": false
                    },
                    {
                      "text": "+17",
                      "color": "#72FF5C",
                      "italic": false
                    }
                  ]
                ]
              },
              {
                "function": "minecraft:set_lore",
                "entity": "this",
                "lore": [
                  {
                    "text": "⎯⎯⎯⎯⎯⎯⎯⎯⎯⎯⎯⎯⎯⎯⎯⎯⎯⎯⎯⎯⎯",
                    "color": "dark_gray",
                    "strikethrough": true
                  }
                ]
              },
              {
                "function": "minecraft:set_lore",
                "entity": "this",
                "lore": [
                  [
                    {
                      "text": "売値: ",
                      "color": "#E0E0E0",
                      "italic": false
                    },
                    {
                      "text": "8",
                      "color": "#E0E0E0",
                      "italic": false
                    },
                    {
                      "text": "G",
                      "color": "#FFEE59",
                      "italic": false
                    }
                  ]
                ]
              }
            ]
          }
        ]
      }
    ]
  }
  