{
	"credit": "Made with Blockbench",
	"texture_size": [64, 64],
	"textures": {
		"7": "3d_texture/cooking_nave"
	},
	"elements": [
		{
			"from": [0, 0, 0],
			"to": [2, 18, 2],
			"faces": {
				"north": {"uv": [2.75, 0, 3.25, 4.5], "texture": "#7"},
				"east": {"uv": [3.25, 0, 3.75, 4.5], "texture": "#7"},
				"south": {"uv": [3.75, 0, 4.25, 4.5], "texture": "#7"},
				"west": {"uv": [4.25, 0, 4.75, 4.5], "texture": "#7"},
				"up": {"uv": [2.5, 6, 2, 5.5], "texture": "#7"},
				"down": {"uv": [2.5, 6, 2, 6.5], "texture": "#7"}
			}
		},
		{
			"from": [15, 0, 15],
			"to": [17, 18, 17],
			"faces": {
				"north": {"uv": [2.75, 4.5, 3.25, 9], "texture": "#7"},
				"east": {"uv": [3.25, 4.5, 3.75, 9], "texture": "#7"},
				"south": {"uv": [3.75, 4.5, 4.25, 9], "texture": "#7"},
				"west": {"uv": [4.25, 4.5, 4.75, 9], "texture": "#7"},
				"up": {"uv": [2.5, 7, 2, 6.5], "texture": "#7"},
				"down": {"uv": [2.5, 7, 2, 7.5], "texture": "#7"}
			}
		},
		{
			"from": [15, 0, 0],
			"to": [17, 18, 2],
			"faces": {
				"north": {"uv": [4.75, 0, 5.25, 4.5], "texture": "#7"},
				"east": {"uv": [4.75, 4.5, 5.25, 9], "texture": "#7"},
				"south": {"uv": [5.25, 0, 5.75, 4.5], "texture": "#7"},
				"west": {"uv": [5.25, 4.5, 5.75, 9], "texture": "#7"},
				"up": {"uv": [7.5, 6, 7, 5.5], "texture": "#7"},
				"down": {"uv": [2.5, 7.5, 2, 8], "texture": "#7"}
			}
		},
		{
			"from": [0, 0, 15],
			"to": [2, 18, 17],
			"faces": {
				"north": {"uv": [0, 5.5, 0.5, 10], "texture": "#7"},
				"east": {"uv": [0.5, 5.5, 1, 10], "texture": "#7"},
				"south": {"uv": [1, 5.5, 1.5, 10], "texture": "#7"},
				"west": {"uv": [1.5, 5.5, 2, 10], "texture": "#7"},
				"up": {"uv": [8, 7.25, 7.5, 6.75], "texture": "#7"},
				"down": {"uv": [2.5, 8, 2, 8.5], "texture": "#7"}
			}
		},
		{
			"from": [6, 15, 6],
			"to": [11, 16, 11],
			"faces": {
				"north": {"uv": [11.25, 0, 12.5, 0.25], "texture": "#7"},
				"east": {"uv": [11.25, 0.25, 12.5, 0.5], "texture": "#7"},
				"south": {"uv": [11.25, 0.5, 12.5, 0.75], "texture": "#7"},
				"west": {"uv": [11.25, 0.75, 12.5, 1], "texture": "#7"},
				"up": {"uv": [8.75, 2.5, 7.5, 1.25], "texture": "#7"},
				"down": {"uv": [8.75, 5.5, 7.5, 6.75], "texture": "#7"}
			}
		},
		{
			"from": [6, 16, 6],
			"to": [11, 17, 11],
			"faces": {
				"north": {"uv": [11.25, 1, 12.5, 1.25], "texture": "#7"},
				"east": {"uv": [11.25, 1.25, 12.5, 1.5], "texture": "#7"},
				"south": {"uv": [11.25, 1.5, 12.5, 1.75], "texture": "#7"},
				"west": {"uv": [11.25, 1.75, 12.5, 2], "texture": "#7"},
				"up": {"uv": [9.5, 5, 8.25, 3.75], "texture": "#7"},
				"down": {"uv": [9.5, 6.75, 8.25, 8], "texture": "#7"}
			}
		},
		{
			"from": [6, 16, 1],
			"to": [11, 17, 6],
			"faces": {
				"north": {"uv": [11.25, 2, 12.5, 2.25], "texture": "#7"},
				"east": {"uv": [11.25, 2.25, 12.5, 2.5], "texture": "#7"},
				"south": {"uv": [11.25, 2.5, 12.5, 2.75], "texture": "#7"},
				"west": {"uv": [11.25, 2.75, 12.5, 3], "texture": "#7"},
				"up": {"uv": [9.5, 9.25, 8.25, 8], "texture": "#7"},
				"down": {"uv": [8.25, 8.5, 7, 9.75], "texture": "#7"}
			}
		},
		{
			"from": [1, 16, 6],
			"to": [6, 17, 11],
			"faces": {
				"north": {"uv": [11.25, 3, 12.5, 3.25], "texture": "#7"},
				"east": {"uv": [11.25, 3.25, 12.5, 3.5], "texture": "#7"},
				"south": {"uv": [11.25, 3.5, 12.5, 3.75], "texture": "#7"},
				"west": {"uv": [11.25, 5, 12.5, 5.25], "texture": "#7"},
				"up": {"uv": [10, 1.25, 8.75, 0], "texture": "#7"},
				"down": {"uv": [10, 1.25, 8.75, 2.5], "texture": "#7"}
			}
		},
		{
			"from": [11, 16, 6],
			"to": [16, 17, 11],
			"faces": {
				"north": {"uv": [11.25, 5.25, 12.5, 5.5], "texture": "#7"},
				"east": {"uv": [11.25, 5.5, 12.5, 5.75], "texture": "#7"},
				"south": {"uv": [11.25, 5.75, 12.5, 6], "texture": "#7"},
				"west": {"uv": [11.25, 6, 12.5, 6.25], "texture": "#7"},
				"up": {"uv": [10, 3.75, 8.75, 2.5], "texture": "#7"},
				"down": {"uv": [10, 5, 8.75, 6.25], "texture": "#7"}
			}
		},
		{
			"from": [6, 17, 14],
			"to": [11, 18, 19],
			"faces": {
				"north": {"uv": [6.25, 11.25, 7.5, 11.5], "texture": "#7"},
				"east": {"uv": [9.5, 11.25, 10.75, 11.5], "texture": "#7"},
				"south": {"uv": [10.75, 11.25, 12, 11.5], "texture": "#7"},
				"west": {"uv": [0, 11.5, 1.25, 11.75], "texture": "#7"},
				"up": {"uv": [3.25, 10.25, 2, 9], "texture": "#7"},
				"down": {"uv": [4.5, 9, 3.25, 10.25], "texture": "#7"}
			}
		},
		{
			"from": [6, 17, -2],
			"to": [11, 18, 3],
			"faces": {
				"north": {"uv": [1.25, 11.5, 2.5, 11.75], "texture": "#7"},
				"east": {"uv": [2.5, 11.5, 3.75, 11.75], "texture": "#7"},
				"south": {"uv": [3.75, 11.5, 5, 11.75], "texture": "#7"},
				"west": {"uv": [5, 11.5, 6.25, 11.75], "texture": "#7"},
				"up": {"uv": [5.75, 10.25, 4.5, 9], "texture": "#7"},
				"down": {"uv": [7, 9, 5.75, 10.25], "texture": "#7"}
			}
		},
		{
			"from": [11, 17, 1],
			"to": [16, 18, 6],
			"faces": {
				"north": {"uv": [11.25, 11.75, 12.5, 12], "texture": "#7"},
				"east": {"uv": [0, 12, 1.25, 12.25], "texture": "#7"},
				"south": {"uv": [1.25, 12, 2.5, 12.25], "texture": "#7"},
				"west": {"uv": [2.5, 12, 3.75, 12.25], "texture": "#7"},
				"up": {"uv": [1.25, 11.25, 0, 10], "texture": "#7"},
				"down": {"uv": [11.25, 0, 10, 1.25], "texture": "#7"}
			}
		},
		{
			"from": [11, 17, 11],
			"to": [16, 18, 16],
			"faces": {
				"north": {"uv": [3.75, 12, 5, 12.25], "texture": "#7"},
				"east": {"uv": [12, 3.75, 13.25, 4], "texture": "#7"},
				"south": {"uv": [12, 4, 13.25, 4.25], "texture": "#7"},
				"west": {"uv": [12, 4.25, 13.25, 4.5], "texture": "#7"},
				"up": {"uv": [11.25, 2.5, 10, 1.25], "texture": "#7"},
				"down": {"uv": [11.25, 2.5, 10, 3.75], "texture": "#7"}
			}
		},
		{
			"from": [1, 17, 11],
			"to": [6, 18, 16],
			"faces": {
				"north": {"uv": [12, 4.5, 13.25, 4.75], "texture": "#7"},
				"east": {"uv": [12, 4.75, 13.25, 5], "texture": "#7"},
				"south": {"uv": [5, 12, 6.25, 12.25], "texture": "#7"},
				"west": {"uv": [6.25, 12, 7.5, 12.25], "texture": "#7"},
				"up": {"uv": [11.25, 6.25, 10, 5], "texture": "#7"},
				"down": {"uv": [10.75, 10, 9.5, 11.25], "texture": "#7"}
			}
		},
		{
			"from": [1, 17, 1],
			"to": [6, 18, 6],
			"faces": {
				"north": {"uv": [12, 6.25, 13.25, 6.5], "texture": "#7"},
				"east": {"uv": [12, 6.5, 13.25, 6.75], "texture": "#7"},
				"south": {"uv": [12, 6.75, 13.25, 7], "texture": "#7"},
				"west": {"uv": [12, 7, 13.25, 7.25], "texture": "#7"},
				"up": {"uv": [2.5, 11.5, 1.25, 10.25], "texture": "#7"},
				"down": {"uv": [3.75, 10.25, 2.5, 11.5], "texture": "#7"}
			}
		},
		{
			"from": [0, 18, 0],
			"to": [5, 19, 5],
			"faces": {
				"north": {"uv": [12, 7.25, 13.25, 7.5], "texture": "#7"},
				"east": {"uv": [7.5, 12, 8.75, 12.25], "texture": "#7"},
				"south": {"uv": [12, 7.5, 13.25, 7.75], "texture": "#7"},
				"west": {"uv": [12, 7.75, 13.25, 8], "texture": "#7"},
				"up": {"uv": [5, 11.5, 3.75, 10.25], "texture": "#7"},
				"down": {"uv": [6.25, 10.25, 5, 11.5], "texture": "#7"}
			}
		},
		{
			"from": [0, 18, 12],
			"to": [5, 19, 17],
			"faces": {
				"north": {"uv": [12, 8, 13.25, 8.25], "texture": "#7"},
				"east": {"uv": [12, 8.25, 13.25, 8.5], "texture": "#7"},
				"south": {"uv": [12, 8.5, 13.25, 8.75], "texture": "#7"},
				"west": {"uv": [8.75, 12, 10, 12.25], "texture": "#7"},
				"up": {"uv": [9.5, 11.75, 8.25, 10.5], "texture": "#7"},
				"down": {"uv": [12, 3.75, 10.75, 5], "texture": "#7"}
			}
		},
		{
			"from": [12, 18, 0],
			"to": [17, 19, 5],
			"faces": {
				"north": {"uv": [10, 12, 11.25, 12.25], "texture": "#7"},
				"east": {"uv": [12, 10.75, 13.25, 11], "texture": "#7"},
				"south": {"uv": [12, 11, 13.25, 11.25], "texture": "#7"},
				"west": {"uv": [11.25, 12, 12.5, 12.25], "texture": "#7"},
				"up": {"uv": [12, 7.5, 10.75, 6.25], "texture": "#7"},
				"down": {"uv": [12, 7.5, 10.75, 8.75], "texture": "#7"}
			}
		},
		{
			"from": [12, 18, 12],
			"to": [17, 19, 17],
			"faces": {
				"north": {"uv": [10.75, 10.75, 12, 11], "texture": "#7"},
				"east": {"uv": [6.25, 11, 7.5, 11.25], "texture": "#7"},
				"south": {"uv": [10.75, 11, 12, 11.25], "texture": "#7"},
				"west": {"uv": [0, 11.25, 1.25, 11.5], "texture": "#7"},
				"up": {"uv": [8.25, 8.5, 7, 7.25], "texture": "#7"},
				"down": {"uv": [8.75, 0, 7.5, 1.25], "texture": "#7"}
			}
		},
		{
			"from": [-2, 18, 5],
			"to": [3, 19, 12],
			"faces": {
				"north": {"uv": [5, 12.25, 6.25, 12.5], "texture": "#7"},
				"east": {"uv": [10.75, 10.25, 12.5, 10.5], "texture": "#7"},
				"south": {"uv": [6.25, 12.25, 7.5, 12.5], "texture": "#7"},
				"west": {"uv": [10.75, 10.5, 12.5, 10.75], "texture": "#7"},
				"up": {"uv": [8.25, 5.5, 7, 3.75], "texture": "#7"},
				"down": {"uv": [7, 7.25, 5.75, 9], "texture": "#7"}
			}
		},
		{
			"from": [5, 18, -2],
			"to": [12, 19, 3],
			"faces": {
				"north": {"uv": [10.75, 8.75, 12.5, 9], "texture": "#7"},
				"east": {"uv": [12, 11.25, 13.25, 11.5], "texture": "#7"},
				"south": {"uv": [10.75, 9, 12.5, 9.25], "texture": "#7"},
				"west": {"uv": [12, 11.5, 13.25, 11.75], "texture": "#7"},
				"up": {"uv": [7.5, 1.25, 5.75, 0], "texture": "#7"},
				"down": {"uv": [7.5, 1.25, 5.75, 2.5], "texture": "#7"}
			}
		},
		{
			"from": [14, 18, 5],
			"to": [19, 19, 12],
			"faces": {
				"north": {"uv": [0, 12.25, 1.25, 12.5], "texture": "#7"},
				"east": {"uv": [10.75, 9.25, 12.5, 9.5], "texture": "#7"},
				"south": {"uv": [1.25, 12.25, 2.5, 12.5], "texture": "#7"},
				"west": {"uv": [10.75, 9.5, 12.5, 9.75], "texture": "#7"},
				"up": {"uv": [7, 4.25, 5.75, 2.5], "texture": "#7"},
				"down": {"uv": [7, 4.25, 5.75, 6], "texture": "#7"}
			}
		},
		{
			"from": [5, 18, 14],
			"to": [12, 19, 19],
			"faces": {
				"north": {"uv": [10.75, 9.75, 12.5, 10], "texture": "#7"},
				"east": {"uv": [2.5, 12.25, 3.75, 12.5], "texture": "#7"},
				"south": {"uv": [10.75, 10, 12.5, 10.25], "texture": "#7"},
				"west": {"uv": [3.75, 12.25, 5, 12.5], "texture": "#7"},
				"up": {"uv": [7.5, 7.25, 5.75, 6], "texture": "#7"},
				"down": {"uv": [8.75, 2.5, 7, 3.75], "texture": "#7"}
			}
		},
		{
			"from": [-2, 17, 6],
			"to": [3, 18, 11],
			"faces": {
				"north": {"uv": [6.25, 11.75, 7.5, 12], "texture": "#7"},
				"east": {"uv": [7.5, 11.75, 8.75, 12], "texture": "#7"},
				"south": {"uv": [8.75, 11.75, 10, 12], "texture": "#7"},
				"west": {"uv": [10, 11.75, 11.25, 12], "texture": "#7"},
				"up": {"uv": [10.75, 10, 9.5, 8.75], "texture": "#7"},
				"down": {"uv": [8.25, 9.75, 7, 11], "texture": "#7"}
			}
		},
		{
			"from": [14, 17, 6],
			"to": [19, 18, 11],
			"faces": {
				"north": {"uv": [1.25, 11.75, 2.5, 12], "texture": "#7"},
				"east": {"uv": [2.5, 11.75, 3.75, 12], "texture": "#7"},
				"south": {"uv": [3.75, 11.75, 5, 12], "texture": "#7"},
				"west": {"uv": [5, 11.75, 6.25, 12], "texture": "#7"},
				"up": {"uv": [10.75, 7.5, 9.5, 6.25], "texture": "#7"},
				"down": {"uv": [10.75, 7.5, 9.5, 8.75], "texture": "#7"}
			}
		},
		{
			"from": [6, 16, 11],
			"to": [11, 17, 16],
			"faces": {
				"north": {"uv": [6.25, 11.5, 7.5, 11.75], "texture": "#7"},
				"east": {"uv": [9.5, 11.5, 10.75, 11.75], "texture": "#7"},
				"south": {"uv": [10.75, 11.5, 12, 11.75], "texture": "#7"},
				"west": {"uv": [0, 11.75, 1.25, 12], "texture": "#7"},
				"up": {"uv": [9.5, 10.5, 8.25, 9.25], "texture": "#7"},
				"down": {"uv": [10.75, 3.75, 9.5, 5], "texture": "#7"}
			}
		},
		{
			"from": [3, 18, 6],
			"to": [14, 18, 11],
			"faces": {
				"north": {"uv": [0, 0, 2.75, 0], "texture": "#7"},
				"east": {"uv": [0, 0, 2.75, 0], "texture": "#7"},
				"south": {"uv": [0, 0, 2.75, 0], "texture": "#7"},
				"west": {"uv": [0, 0, 2.75, 0], "texture": "#7"},
				"up": {"uv": [2.75, 2.75, 0, 0], "texture": "#7"},
				"down": {"uv": [2.75, 2.75, 0, 5.5], "texture": "#7"}
			}
		},
		{
			"from": [6, 18, 3],
			"to": [11, 18, 6],
			"faces": {
				"north": {"uv": [0, 0, 2.75, 0], "texture": "#7"},
				"east": {"uv": [0, 0, 2.75, 0], "texture": "#7"},
				"south": {"uv": [0, 0, 2.75, 0], "texture": "#7"},
				"west": {"uv": [0, 0, 2.75, 0], "texture": "#7"},
				"up": {"uv": [2.75, 0.8125, 0, 0], "texture": "#7"},
				"down": {"uv": [2.75, 0, 0, 0.8125], "texture": "#7"}
			}
		},
		{
			"from": [6, 18, 11],
			"to": [11, 18, 14],
			"faces": {
				"north": {"uv": [0, 0, 2.75, 0.8125], "texture": "#7"},
				"east": {"uv": [0, 0, 2.75, 0.8125], "texture": "#7"},
				"south": {"uv": [0, 0, 2.75, 0.8125], "texture": "#7"},
				"west": {"uv": [0, 0, 2.75, 0.8125], "texture": "#7"},
				"up": {"uv": [2.75, 0.8125, 0, 0], "texture": "#7"},
				"down": {"uv": [2.75, 0, 0, 0.8125], "texture": "#7"}
			}
		}
	],
	"display": {
		"fixed": {
			"rotation": [-90, 0, 0],
			"translation": [-1, -1, -78],
			"scale": [2, 2, 2]
		}
	}
}