{
	"credit": "Made with Blockbench",
	"texture_size": [128, 128],
	"textures": {
		"0": "3d_texture/majonotubo",
		"particle": "3d_texture/majonotubo"
	},
	"elements": [
		{
			"from": [0, 0, 0],
			"to": [4, 6, 4],
			"faces": {
				"north": {"uv": [7.5, 0.75, 8, 1.5], "texture": "#0"},
				"east": {"uv": [7.5, 1.5, 8, 2.25], "texture": "#0"},
				"south": {"uv": [7.5, 2.25, 8, 3], "texture": "#0"},
				"west": {"uv": [6.25, 7.5, 6.75, 8.25], "texture": "#0"},
				"up": {"uv": [8.25, 4.75, 7.75, 4.25], "texture": "#0"},
				"down": {"uv": [6.25, 7.75, 5.75, 8.25], "texture": "#0"}
			}
		},
		{
			"from": [12, 0, 0],
			"to": [16, 6, 4],
			"faces": {
				"north": {"uv": [7.25, 3.75, 7.75, 4.5], "texture": "#0"},
				"east": {"uv": [7.25, 6, 7.75, 6.75], "texture": "#0"},
				"south": {"uv": [7.25, 6.75, 7.75, 7.5], "texture": "#0"},
				"west": {"uv": [7.5, 0, 8, 0.75], "texture": "#0"},
				"up": {"uv": [7.75, 8, 7.25, 7.5], "texture": "#0"},
				"down": {"uv": [8.25, 3.75, 7.75, 4.25], "texture": "#0"}
			}
		},
		{
			"from": [0, 0, 12],
			"to": [4, 6, 16],
			"faces": {
				"north": {"uv": [6.75, 6, 7.25, 6.75], "texture": "#0"},
				"east": {"uv": [6.25, 6.75, 6.75, 7.5], "texture": "#0"},
				"south": {"uv": [6.75, 6.75, 7.25, 7.5], "texture": "#0"},
				"west": {"uv": [5.75, 7, 6.25, 7.75], "texture": "#0"},
				"up": {"uv": [7.75, 5, 7.25, 4.5], "texture": "#0"},
				"down": {"uv": [7.25, 7.5, 6.75, 8], "texture": "#0"}
			}
		},
		{
			"from": [12, 0, 12],
			"to": [16, 6, 16],
			"faces": {
				"north": {"uv": [6.25, 3.75, 6.75, 4.5], "texture": "#0"},
				"east": {"uv": [5.75, 6.25, 6.25, 7], "texture": "#0"},
				"south": {"uv": [6.25, 6, 6.75, 6.75], "texture": "#0"},
				"west": {"uv": [6.75, 3.75, 7.25, 4.5], "texture": "#0"},
				"up": {"uv": [6.75, 5, 6.25, 4.5], "texture": "#0"},
				"down": {"uv": [7.25, 4.5, 6.75, 5], "texture": "#0"}
			}
		},
		{
			"from": [0, 6, 14],
			"to": [16, 22, 16],
			"faces": {
				"north": {"uv": [4, 4, 6, 6], "texture": "#0"},
				"east": {"uv": [5.25, 6.25, 5.5, 8.25], "texture": "#0"},
				"south": {"uv": [0, 6, 2, 8], "texture": "#0"},
				"west": {"uv": [5.5, 6.25, 5.75, 8.25], "texture": "#0"},
				"up": {"uv": [8.25, 3.5, 6.25, 3.25], "texture": "#0"},
				"down": {"uv": [8.25, 3.5, 6.25, 3.75], "texture": "#0"}
			}
		},
		{
			"from": [14, 6, 0],
			"to": [16, 22, 16],
			"faces": {
				"north": {"uv": [4.25, 6.25, 4.5, 8.25], "texture": "#0"},
				"east": {"uv": [2, 4, 4, 6], "texture": "#0"},
				"south": {"uv": [4.5, 6.25, 4.75, 8.25], "texture": "#0"},
				"west": {"uv": [4, 2, 6, 4], "texture": "#0"},
				"up": {"uv": [5, 8.25, 4.75, 6.25], "texture": "#0"},
				"down": {"uv": [5.25, 6.25, 5, 8.25], "texture": "#0"}
			}
		},
		{
			"from": [0, 6, 0],
			"to": [16, 8, 16],
			"faces": {
				"north": {"uv": [6, 5.25, 8, 5.5], "texture": "#0"},
				"east": {"uv": [6, 5.5, 8, 5.75], "texture": "#0"},
				"south": {"uv": [6, 5.75, 8, 6], "texture": "#0"},
				"west": {"uv": [6.25, 3, 8.25, 3.25], "texture": "#0"},
				"up": {"uv": [2, 6, 0, 4], "texture": "#0"},
				"down": {"uv": [6, 0, 4, 2], "texture": "#0"}
			}
		},
		{
			"from": [0, 6, 0],
			"to": [16, 22, 2],
			"faces": {
				"north": {"uv": [2, 0, 4, 2], "texture": "#0"},
				"east": {"uv": [3.75, 6, 4, 8], "texture": "#0"},
				"south": {"uv": [2, 2, 4, 4], "texture": "#0"},
				"west": {"uv": [4, 6, 4.25, 8], "texture": "#0"},
				"up": {"uv": [6.25, 6.25, 4.25, 6], "texture": "#0"},
				"down": {"uv": [8, 5, 6, 5.25], "texture": "#0"}
			}
		},
		{
			"from": [0, 6, 0],
			"to": [2, 22, 16],
			"faces": {
				"north": {"uv": [3, 6, 3.25, 8], "texture": "#0"},
				"east": {"uv": [0, 0, 2, 2], "texture": "#0"},
				"south": {"uv": [6, 3, 6.25, 5], "texture": "#0"},
				"west": {"uv": [0, 2, 2, 4], "texture": "#0"},
				"up": {"uv": [3.5, 8, 3.25, 6], "texture": "#0"},
				"down": {"uv": [3.75, 6, 3.5, 8], "texture": "#0"}
			}
		},
		{
			"from": [10, 10, 7],
			"to": [12, 31, 9],
			"rotation": {"angle": 22.5, "axis": "z", "origin": [0, 0, 0]},
			"faces": {
				"north": {"uv": [2, 6, 2.25, 8.625], "texture": "#0"},
				"east": {"uv": [2.25, 6, 2.5, 8.625], "texture": "#0"},
				"south": {"uv": [2.5, 6, 2.75, 8.625], "texture": "#0"},
				"west": {"uv": [2.75, 6, 3, 8.625], "texture": "#0"},
				"up": {"uv": [8, 6.5, 7.75, 6.25], "texture": "#0"},
				"down": {"uv": [8, 6.5, 7.75, 6.75], "texture": "#0"}
			}
		},
		{
			"from": [1, 19, 1],
			"to": [15, 20, 15],
			"faces": {
				"north": {"uv": [7.75, 4.75, 9.25, 4.875], "texture": "#0"},
				"east": {"uv": [7.75, 4.875, 9.25, 5], "texture": "#0"},
				"south": {"uv": [7.75, 6, 9.25, 6.125], "texture": "#0"},
				"west": {"uv": [7.75, 6.125, 9.25, 6.25], "texture": "#0"},
				"up": {"uv": [7.5, 1.5, 6, 0], "texture": "#0"},
				"down": {"uv": [7.5, 1.5, 6, 3], "texture": "#0"}
			}
		}
	],
	"display": {
		"fixed": {
			"rotation": [-90, 0, 0],
			"translation": [0, 0, -15],
			"scale": [2, 2, 2]
		}
	}
}