{
	"credit": "Made with Blockbench",
	"textures": {
		"2": "mob_texture/mila",
		"particle": "mob_texture/mila"
	},
	"elements": [
		{
			"from": [6, 27, 6],
			"to": [10, 31, 10],
			"faces": {
				"north": {"uv": [0, 0, 4, 4], "texture": "#2"},
				"east": {"uv": [0, 4, 4, 8], "texture": "#2"},
				"south": {"uv": [4, 0, 8, 4], "texture": "#2"},
				"west": {"uv": [4, 4, 8, 8], "texture": "#2"},
				"up": {"uv": [4, 12, 0, 8], "texture": "#2"},
				"down": {"uv": [12, 0, 8, 4], "texture": "#2"}
			}
		}
	],
	"display": {
		"head": {
			"translation": [0.25, -69.5, 0],
			"scale": [3.34, 3.31, 3.21]
		}
	}
}