{
	"credit": "Made with Blockbench",
	"texture_size": [64, 64],
	"textures": {
		"1": "3d_texture/nanamesaku",
		"particle": "spruce_planks"
	},
	"elements": [
		{
			"from": [10, 6, -11],
			"to": [13, 9, 10],
			"rotation": {"angle": -45, "axis": "y", "origin": [0, 0, 0]},
			"faces": {
				"north": {"uv": [3, 3, 3.75, 3.75], "texture": "#1"},
				"east": {"uv": [0, 0, 5.25, 0.75], "texture": "#1"},
				"south": {"uv": [3, 3.75, 3.75, 4.5], "texture": "#1"},
				"west": {"uv": [0, 0.75, 5.25, 1.5], "texture": "#1"},
				"up": {"uv": [0.75, 6.75, 0, 1.5], "texture": "#1"},
				"down": {"uv": [1.5, 1.5, 0.75, 6.75], "texture": "#1"}
			}
		},
		{
			"from": [10, 12, -11],
			"to": [13, 15, 10],
			"rotation": {"angle": -45, "axis": "y", "origin": [0, 0, 0]},
			"faces": {
				"north": {"uv": [3.75, 3, 4.5, 3.75], "texture": "#1"},
				"east": {"uv": [1.5, 1.5, 6.75, 2.25], "texture": "#1"},
				"south": {"uv": [3.75, 3.75, 4.5, 4.5], "texture": "#1"},
				"west": {"uv": [1.5, 2.25, 6.75, 3], "texture": "#1"},
				"up": {"uv": [2.25, 8.25, 1.5, 3], "texture": "#1"},
				"down": {"uv": [3, 3, 2.25, 8.25], "texture": "#1"}
			}
		}
	],
	"display": {
		"fixed": {
			"rotation": [-90, 0, 0],
			"translation": [0, 0, -80],
			"scale": [2, 2, 2]
		}
	}
}