{
	"credit": "Made with Blockbench",
	"texture_size": [64, 64],
	"textures": {
		"1": "3d_texture/custom_crafting_table",
		"particle": "3d_texture/custom_crafting_table"
	},
	"elements": [
		{
			"from": [0, 0, 0],
			"to": [16, 16, 16],
			"faces": {
				"north": {"uv": [0, 0, 4, 4], "texture": "#1"},
				"east": {"uv": [0, 4, 4, 8], "texture": "#1"},
				"south": {"uv": [4, 0, 8, 4], "texture": "#1"},
				"west": {"uv": [4, 4, 8, 8], "texture": "#1"},
				"up": {"uv": [4, 12, 0, 8], "texture": "#1"},
				"down": {"uv": [12, 0, 8, 4], "texture": "#1"}
			}
		},
		{
			"from": [3, 16, 3],
			"to": [4, 17, 13],
			"faces": {
				"north": {"uv": [6, 8.25, 6.25, 8.5], "texture": "#1"},
				"east": {"uv": [8, 4.75, 10.5, 5], "texture": "#1"},
				"south": {"uv": [6.25, 8.25, 6.5, 8.5], "texture": "#1"},
				"west": {"uv": [8, 5, 10.5, 5.25], "texture": "#1"},
				"up": {"uv": [8.25, 7.75, 8, 5.25], "texture": "#1"},
				"down": {"uv": [6.75, 8, 6.5, 10.5], "texture": "#1"}
			}
		},
		{
			"from": [3, 17, 9],
			"to": [13, 18, 10],
			"faces": {
				"north": {"uv": [6.75, 9.25, 9.25, 9.5], "texture": "#1"},
				"east": {"uv": [6.25, 9, 6.5, 9.25], "texture": "#1"},
				"south": {"uv": [9.25, 8, 11.75, 8.25], "texture": "#1"},
				"west": {"uv": [6, 9, 6.25, 9.25], "texture": "#1"},
				"up": {"uv": [5.25, 10.75, 5, 8.25], "rotation": 270, "texture": "#1"},
				"down": {"uv": [5.5, 8.25, 5.25, 10.75], "rotation": 90, "texture": "#1"}
			}
		},
		{
			"from": [3, 17, 6],
			"to": [13, 18, 7],
			"faces": {
				"north": {"uv": [8.25, 7, 10.75, 7.25], "texture": "#1"},
				"east": {"uv": [6.25, 8.75, 6.5, 9], "texture": "#1"},
				"south": {"uv": [8.25, 7.25, 10.75, 7.5], "texture": "#1"},
				"west": {"uv": [6, 8.75, 6.25, 9], "texture": "#1"},
				"up": {"uv": [4.75, 10.75, 4.5, 8.25], "rotation": 270, "texture": "#1"},
				"down": {"uv": [5, 8.25, 4.75, 10.75], "rotation": 90, "texture": "#1"}
			}
		},
		{
			"from": [3, 17, 3],
			"to": [13, 18, 4],
			"faces": {
				"north": {"uv": [6.75, 8, 9.25, 8.25], "texture": "#1"},
				"east": {"uv": [5.75, 8.5, 6, 8.75], "texture": "#1"},
				"south": {"uv": [8, 7.75, 10.5, 8], "texture": "#1"},
				"west": {"uv": [5.5, 8.5, 5.75, 8.75], "texture": "#1"},
				"up": {"uv": [4.25, 10.75, 4, 8.25], "rotation": 270, "texture": "#1"},
				"down": {"uv": [4.5, 8.25, 4.25, 10.75], "rotation": 90, "texture": "#1"}
			}
		},
		{
			"from": [3, 17, 3],
			"to": [4, 18, 13],
			"faces": {
				"north": {"uv": [5.5, 8.25, 5.75, 8.5], "texture": "#1"},
				"east": {"uv": [8, 4, 10.5, 4.25], "texture": "#1"},
				"south": {"uv": [5.75, 8.25, 6, 8.5], "texture": "#1"},
				"west": {"uv": [4, 8, 6.5, 8.25], "texture": "#1"},
				"up": {"uv": [10.5, 4.5, 8, 4.25], "rotation": 270, "texture": "#1"},
				"down": {"uv": [10.5, 4.5, 8, 4.75], "rotation": 90, "texture": "#1"}
			}
		},
		{
			"from": [6, 17, 3],
			"to": [7, 18, 13],
			"faces": {
				"north": {"uv": [5.5, 9, 5.75, 9.25], "texture": "#1"},
				"east": {"uv": [6.75, 8.5, 9.25, 8.75], "texture": "#1"},
				"south": {"uv": [5.75, 9, 6, 9.25], "texture": "#1"},
				"west": {"uv": [8.25, 7.5, 10.75, 7.75], "texture": "#1"},
				"up": {"uv": [9.25, 9, 6.75, 8.75], "rotation": 270, "texture": "#1"},
				"down": {"uv": [9.25, 9, 6.75, 9.25], "rotation": 90, "texture": "#1"}
			}
		},
		{
			"from": [9, 17, 3],
			"to": [10, 18, 13],
			"faces": {
				"north": {"uv": [5.5, 8.75, 5.75, 9], "texture": "#1"},
				"east": {"uv": [8.25, 6.5, 10.75, 6.75], "texture": "#1"},
				"south": {"uv": [5.75, 8.75, 6, 9], "texture": "#1"},
				"west": {"uv": [8.25, 6.25, 10.75, 6.5], "texture": "#1"},
				"up": {"uv": [9.25, 8.5, 6.75, 8.25], "rotation": 270, "texture": "#1"},
				"down": {"uv": [10.75, 6.75, 8.25, 7], "rotation": 90, "texture": "#1"}
			}
		},
		{
			"from": [12, 17, 3],
			"to": [13, 18, 13],
			"faces": {
				"north": {"uv": [6, 8.5, 6.25, 8.75], "texture": "#1"},
				"east": {"uv": [8.25, 5.5, 10.75, 5.75], "texture": "#1"},
				"south": {"uv": [6.25, 8.5, 6.5, 8.75], "texture": "#1"},
				"west": {"uv": [8.25, 5.25, 10.75, 5.5], "texture": "#1"},
				"up": {"uv": [10.75, 6, 8.25, 5.75], "rotation": 270, "texture": "#1"},
				"down": {"uv": [10.75, 6, 8.25, 6.25], "rotation": 90, "texture": "#1"}
			}
		},
		{
			"from": [3, 17, 12],
			"to": [13, 18, 13],
			"faces": {
				"north": {"uv": [8, 4.75, 10.5, 5], "texture": "#1"},
				"east": {"uv": [6.25, 8.25, 6.5, 8.5], "texture": "#1"},
				"south": {"uv": [8, 5, 10.5, 5.25], "texture": "#1"},
				"west": {"uv": [6, 8.25, 6.25, 8.5], "texture": "#1"},
				"up": {"uv": [8.25, 7.75, 8, 5.25], "rotation": 270, "texture": "#1"},
				"down": {"uv": [6.75, 8, 6.5, 10.5], "rotation": 90, "texture": "#1"}
			}
		},
		{
			"from": [12, 16, 3],
			"to": [13, 17, 13],
			"faces": {
				"north": {"uv": [5.5, 8.5, 5.75, 8.75], "texture": "#1"},
				"east": {"uv": [6.75, 8, 9.25, 8.25], "texture": "#1"},
				"south": {"uv": [5.75, 8.5, 6, 8.75], "texture": "#1"},
				"west": {"uv": [8, 7.75, 10.5, 8], "texture": "#1"},
				"up": {"uv": [4.25, 10.75, 4, 8.25], "texture": "#1"},
				"down": {"uv": [4.5, 8.25, 4.25, 10.75], "texture": "#1"}
			}
		},
		{
			"from": [3, 16, 3],
			"to": [13, 17, 4],
			"faces": {
				"north": {"uv": [4, 8, 6.5, 8.25], "texture": "#1"},
				"east": {"uv": [5.5, 8.25, 5.75, 8.5], "texture": "#1"},
				"south": {"uv": [8, 4, 10.5, 4.25], "texture": "#1"},
				"west": {"uv": [5.75, 8.25, 6, 8.5], "texture": "#1"},
				"up": {"uv": [10.5, 4.5, 8, 4.25], "texture": "#1"},
				"down": {"uv": [10.5, 4.5, 8, 4.75], "texture": "#1"}
			}
		},
		{
			"from": [3, 16, 12],
			"to": [13, 17, 13],
			"faces": {
				"north": {"uv": [8.25, 5.25, 10.75, 5.5], "texture": "#1"},
				"east": {"uv": [6, 8.5, 6.25, 8.75], "texture": "#1"},
				"south": {"uv": [8.25, 5.5, 10.75, 5.75], "texture": "#1"},
				"west": {"uv": [6.25, 8.5, 6.5, 8.75], "texture": "#1"},
				"up": {"uv": [10.75, 6, 8.25, 5.75], "texture": "#1"},
				"down": {"uv": [10.75, 6, 8.25, 6.25], "texture": "#1"}
			}
		},
		{
			"from": [3, 16, 9],
			"to": [13, 17, 10],
			"faces": {
				"north": {"uv": [8.25, 6.25, 10.75, 6.5], "texture": "#1"},
				"east": {"uv": [5.5, 8.75, 5.75, 9], "texture": "#1"},
				"south": {"uv": [8.25, 6.5, 10.75, 6.75], "texture": "#1"},
				"west": {"uv": [5.75, 8.75, 6, 9], "texture": "#1"},
				"up": {"uv": [9.25, 8.5, 6.75, 8.25], "texture": "#1"},
				"down": {"uv": [10.75, 6.75, 8.25, 7], "texture": "#1"}
			}
		},
		{
			"from": [3, 16, 6],
			"to": [13, 17, 7],
			"faces": {
				"north": {"uv": [8.25, 7.5, 10.75, 7.75], "texture": "#1"},
				"east": {"uv": [5.5, 9, 5.75, 9.25], "texture": "#1"},
				"south": {"uv": [6.75, 8.5, 9.25, 8.75], "texture": "#1"},
				"west": {"uv": [5.75, 9, 6, 9.25], "texture": "#1"},
				"up": {"uv": [9.25, 9, 6.75, 8.75], "texture": "#1"},
				"down": {"uv": [9.25, 9, 6.75, 9.25], "texture": "#1"}
			}
		},
		{
			"from": [9, 16, 3],
			"to": [10, 17, 13],
			"faces": {
				"north": {"uv": [6, 8.75, 6.25, 9], "texture": "#1"},
				"east": {"uv": [8.25, 7, 10.75, 7.25], "texture": "#1"},
				"south": {"uv": [6.25, 8.75, 6.5, 9], "texture": "#1"},
				"west": {"uv": [8.25, 7.25, 10.75, 7.5], "texture": "#1"},
				"up": {"uv": [4.75, 10.75, 4.5, 8.25], "texture": "#1"},
				"down": {"uv": [5, 8.25, 4.75, 10.75], "texture": "#1"}
			}
		},
		{
			"from": [6, 16, 3],
			"to": [7, 17, 13],
			"faces": {
				"north": {"uv": [6, 9, 6.25, 9.25], "texture": "#1"},
				"east": {"uv": [6.75, 9.25, 9.25, 9.5], "texture": "#1"},
				"south": {"uv": [6.25, 9, 6.5, 9.25], "texture": "#1"},
				"west": {"uv": [9.25, 8, 11.75, 8.25], "texture": "#1"},
				"up": {"uv": [5.25, 10.75, 5, 8.25], "texture": "#1"},
				"down": {"uv": [5.5, 8.25, 5.25, 10.75], "texture": "#1"}
			}
		}
	],
	"display": {
		"fixed": {
			"rotation": [-90, 0, 0],
			"translation": [0, 0, 17],
			"scale": [2.01, 2.01, 2.01]
		}
	}
}