{
	"credit": "Made with Blockbench",
	"texture_size": [64, 64],
	"textures": {
		"0": "3d_texture/spider_armor",
		"particle": "3d_texture/spider_armor"
	},
	"elements": [
		{
			"from": [-8, 0, 4],
			"to": [0, 8, 12],
			"faces": {
				"north": {"uv": [3.5, 7.5, 5.5, 9.5], "texture": "#0"},
				"east": {"uv": [7.5, 5, 9.5, 7], "texture": "#0"},
				"south": {"uv": [5.5, 7.5, 7.5, 9.5], "texture": "#0"},
				"west": {"uv": [7.5, 7, 9.5, 9], "texture": "#0"},
				"up": {"uv": [10, 2, 8, 0], "texture": "#0"},
				"down": {"uv": [10, 2, 8, 4], "texture": "#0"}
			}
		},
		{
			"from": [0, 1, 5],
			"to": [10, 7, 11],
			"faces": {
				"north": {"uv": [7.5, 9, 10, 10.5], "texture": "#0"},
				"east": {"uv": [5, 9.5, 6.5, 11], "texture": "#0"},
				"south": {"uv": [0, 9.5, 2.5, 11], "texture": "#0"},
				"west": {"uv": [9.5, 5.5, 11, 7], "texture": "#0"},
				"up": {"uv": [5, 11, 2.5, 9.5], "texture": "#0"},
				"down": {"uv": [12, 4, 9.5, 5.5], "texture": "#0"}
			}
		},
		{
			"from": [4, 0, 1],
			"to": [20, 10, 15],
			"faces": {
				"north": {"uv": [4, 0, 8, 2.5], "texture": "#0"},
				"east": {"uv": [4, 5, 7.5, 7.5], "texture": "#0"},
				"south": {"uv": [4, 2.5, 8, 5], "texture": "#0"},
				"west": {"uv": [0, 7, 3.5, 9.5], "texture": "#0"},
				"up": {"uv": [4, 3.5, 0, 0], "texture": "#0"},
				"down": {"uv": [4, 3.5, 0, 7], "texture": "#0"}
			}
		}
	],
	"display": {
		"head": {
			"rotation": [0, -90, 0],
			"translation": [0, -25.75, 7],
			"scale": [1.5, 1.5, 1.5]
		}
	}
}