{
	"credit": "Made with Blockbench",
	"texture_size": [64, 64],
	"textures": {
		"2": "3d_texture/taihou"
	},
	"elements": [
		{
			"name": "octagon",
			"from": [2.5, 6.34315, 4],
			"to": [16.5, 9.65685, 5],
			"rotation": {"angle": 45, "axis": "x", "origin": [8, 8, 8]},
			"faces": {
				"north": {"uv": [0, 0, 3.5, 0.75], "texture": "#2"},
				"east": {"uv": [8.25, 6, 8.5, 6.75], "texture": "#2"},
				"south": {"uv": [0, 0.75, 3.5, 1.5], "texture": "#2"},
				"west": {"uv": [8.25, 6.75, 8.5, 7.5], "texture": "#2"},
				"up": {"uv": [10.5, 5.75, 7, 5.5], "texture": "#2"},
				"down": {"uv": [10.5, 5.75, 7, 6], "texture": "#2"}
			}
		},
		{
			"name": "octagon",
			"from": [2.5, 6.34315, 4],
			"to": [16.5, 9.65685, 5],
			"rotation": {"angle": 0, "axis": "x", "origin": [8, 8, 8]},
			"faces": {
				"north": {"uv": [0, 1.5, 3.5, 2.25], "texture": "#2"},
				"east": {"uv": [8.25, 7.5, 8.5, 8.25], "texture": "#2"},
				"south": {"uv": [0, 2.25, 3.5, 3], "texture": "#2"},
				"west": {"uv": [8.25, 8.25, 8.5, 9], "texture": "#2"},
				"up": {"uv": [11.25, 1.75, 7.75, 1.5], "texture": "#2"},
				"down": {"uv": [11.25, 1.75, 7.75, 2], "texture": "#2"}
			}
		},
		{
			"name": "octagon",
			"from": [2.5, 6.34315, 11],
			"to": [16.5, 9.65685, 12],
			"rotation": {"angle": 45, "axis": "x", "origin": [8, 8, 8]},
			"faces": {
				"north": {"uv": [0, 3, 3.5, 3.75], "texture": "#2"},
				"east": {"uv": [8.5, 6, 8.75, 6.75], "texture": "#2"},
				"south": {"uv": [3.5, 0, 7, 0.75], "texture": "#2"},
				"west": {"uv": [8.5, 6.75, 8.75, 7.5], "texture": "#2"},
				"up": {"uv": [11.25, 2.25, 7.75, 2], "texture": "#2"},
				"down": {"uv": [11.25, 2.25, 7.75, 2.5], "texture": "#2"}
			}
		},
		{
			"name": "octagon",
			"from": [2.5, 6.34315, 11],
			"to": [16.5, 9.65685, 12],
			"rotation": {"angle": 0, "axis": "x", "origin": [8, 8, 8]},
			"faces": {
				"north": {"uv": [3.5, 0.75, 7, 1.5], "texture": "#2"},
				"east": {"uv": [8.5, 7.5, 8.75, 8.25], "texture": "#2"},
				"south": {"uv": [3.5, 1.5, 7, 2.25], "texture": "#2"},
				"west": {"uv": [8.5, 8.25, 8.75, 9], "texture": "#2"},
				"up": {"uv": [11.25, 2.75, 7.75, 2.5], "texture": "#2"},
				"down": {"uv": [11.25, 2.75, 7.75, 3], "texture": "#2"}
			}
		},
		{
			"name": "octagon",
			"from": [2.5, 4, 6.34315],
			"to": [16.5, 5, 9.65685],
			"rotation": {"angle": 45, "axis": "x", "origin": [8, 8, 8]},
			"faces": {
				"north": {"uv": [7.75, 3, 11.25, 3.25], "texture": "#2"},
				"east": {"uv": [7.75, 5, 8.5, 5.25], "texture": "#2"},
				"south": {"uv": [7.75, 3.25, 11.25, 3.5], "texture": "#2"},
				"west": {"uv": [7.75, 5.25, 8.5, 5.5], "texture": "#2"},
				"up": {"uv": [7, 3, 3.5, 2.25], "texture": "#2"},
				"down": {"uv": [7, 3, 3.5, 3.75], "texture": "#2"}
			}
		},
		{
			"name": "octagon",
			"from": [2.5, 4, 6.34315],
			"to": [16.5, 5, 9.65685],
			"rotation": {"angle": 0, "axis": "x", "origin": [8, 8, 8]},
			"faces": {
				"north": {"uv": [7.75, 3.5, 11.25, 3.75], "texture": "#2"},
				"east": {"uv": [8.5, 5, 9.25, 5.25], "texture": "#2"},
				"south": {"uv": [7.75, 3.75, 11.25, 4], "texture": "#2"},
				"west": {"uv": [8.5, 5.25, 9.25, 5.5], "texture": "#2"},
				"up": {"uv": [3.5, 4.5, 0, 3.75], "texture": "#2"},
				"down": {"uv": [7, 3.75, 3.5, 4.5], "texture": "#2"}
			}
		},
		{
			"name": "octagon",
			"from": [2.5, 11, 6.34315],
			"to": [16.5, 12, 9.65685],
			"rotation": {"angle": 45, "axis": "x", "origin": [8, 8, 8]},
			"faces": {
				"north": {"uv": [7.75, 4, 11.25, 4.25], "texture": "#2"},
				"east": {"uv": [0, 8.75, 0.75, 9], "texture": "#2"},
				"south": {"uv": [7.75, 4.25, 11.25, 4.5], "texture": "#2"},
				"west": {"uv": [0.75, 8.75, 1.5, 9], "texture": "#2"},
				"up": {"uv": [3.5, 5.25, 0, 4.5], "texture": "#2"},
				"down": {"uv": [7, 4.5, 3.5, 5.25], "texture": "#2"}
			}
		},
		{
			"name": "octagon",
			"from": [2.5, 11, 6.34315],
			"to": [16.5, 12, 9.65685],
			"rotation": {"angle": 0, "axis": "x", "origin": [8, 8, 8]},
			"faces": {
				"north": {"uv": [7.75, 4.5, 11.25, 4.75], "texture": "#2"},
				"east": {"uv": [1.5, 8.75, 2.25, 9], "texture": "#2"},
				"south": {"uv": [7.75, 4.75, 11.25, 5], "texture": "#2"},
				"west": {"uv": [2.25, 8.75, 3, 9], "texture": "#2"},
				"up": {"uv": [3.5, 6, 0, 5.25], "texture": "#2"},
				"down": {"uv": [7, 5.25, 3.5, 6], "texture": "#2"}
			}
		},
		{
			"name": "octagon",
			"from": [11.5, 6.34315, 4.1],
			"to": [12.5, 9.55685, 11.9],
			"rotation": {"angle": 45, "axis": "x", "origin": [12, 8, 8]},
			"faces": {
				"north": {"uv": [8.75, 6, 9, 6.75], "texture": "#2"},
				"east": {"uv": [0, 6, 2, 6.75], "texture": "#2"},
				"south": {"uv": [8.75, 6.75, 9, 7.5], "texture": "#2"},
				"west": {"uv": [2, 6, 4, 6.75], "texture": "#2"},
				"up": {"uv": [4, 9.5, 3.75, 7.5], "texture": "#2"},
				"down": {"uv": [4.25, 7.5, 4, 9.5], "texture": "#2"}
			}
		},
		{
			"name": "octagon",
			"from": [11.5, 6.34315, 4.1],
			"to": [12.5, 9.55685, 11.9],
			"rotation": {"angle": 0, "axis": "x", "origin": [12, 8, 8]},
			"faces": {
				"north": {"uv": [7, 8.75, 7.25, 9.5], "texture": "#2"},
				"east": {"uv": [4, 6, 6, 6.75], "texture": "#2"},
				"south": {"uv": [7.25, 8.75, 7.5, 9.5], "texture": "#2"},
				"west": {"uv": [6, 6, 8, 6.75], "texture": "#2"},
				"up": {"uv": [4.5, 9.5, 4.25, 7.5], "texture": "#2"},
				"down": {"uv": [4.75, 7.5, 4.5, 9.5], "texture": "#2"}
			}
		},
		{
			"name": "octagon",
			"from": [11.5, 4.1, 6.44315],
			"to": [12.5, 11.9, 9.55685],
			"rotation": {"angle": 45, "axis": "x", "origin": [12, 8, 8]},
			"faces": {
				"north": {"uv": [4.75, 7.5, 5, 9.5], "texture": "#2"},
				"east": {"uv": [0, 6.75, 0.75, 8.75], "texture": "#2"},
				"south": {"uv": [5, 7.5, 5.25, 9.5], "texture": "#2"},
				"west": {"uv": [0.75, 6.75, 1.5, 8.75], "texture": "#2"},
				"up": {"uv": [7.75, 9.5, 7.5, 8.75], "texture": "#2"},
				"down": {"uv": [9, 7.5, 8.75, 8.25], "texture": "#2"}
			}
		},
		{
			"name": "octagon",
			"from": [11.5, 4.1, 6.44315],
			"to": [12.5, 11.9, 9.55685],
			"rotation": {"angle": 0, "axis": "x", "origin": [12, 8, 8]},
			"faces": {
				"north": {"uv": [5.25, 7.5, 5.5, 9.5], "texture": "#2"},
				"east": {"uv": [1.5, 6.75, 2.25, 8.75], "texture": "#2"},
				"south": {"uv": [5.5, 7.5, 5.75, 9.5], "texture": "#2"},
				"west": {"uv": [2.25, 6.75, 3, 8.75], "texture": "#2"},
				"up": {"uv": [8, 9.5, 7.75, 8.75], "texture": "#2"},
				"down": {"uv": [9, 8.25, 8.75, 9], "texture": "#2"}
			}
		},
		{
			"name": "octagon",
			"from": [2.6, 6.34315, 4.1],
			"to": [3.6, 9.55685, 11.9],
			"rotation": {"angle": 45, "axis": "x", "origin": [3.1, 8, 8]},
			"faces": {
				"north": {"uv": [0, 9, 0.25, 9.75], "texture": "#2"},
				"east": {"uv": [3, 6.75, 5, 7.5], "texture": "#2"},
				"south": {"uv": [9, 0, 9.25, 0.75], "texture": "#2"},
				"west": {"uv": [5, 6.75, 7, 7.5], "texture": "#2"},
				"up": {"uv": [6, 9.5, 5.75, 7.5], "texture": "#2"},
				"down": {"uv": [6.25, 7.5, 6, 9.5], "texture": "#2"}
			}
		},
		{
			"name": "octagon",
			"from": [2.6, 6.34315, 4.1],
			"to": [3.6, 9.55685, 11.9],
			"rotation": {"angle": 0, "axis": "y", "origin": [3.1, 8, 8]},
			"faces": {
				"north": {"uv": [0.25, 9, 0.5, 9.75], "texture": "#2"},
				"east": {"uv": [7, 0, 9, 0.75], "texture": "#2"},
				"south": {"uv": [0.5, 9, 0.75, 9.75], "texture": "#2"},
				"west": {"uv": [7, 0.75, 9, 1.5], "texture": "#2"},
				"up": {"uv": [6.5, 9.5, 6.25, 7.5], "texture": "#2"},
				"down": {"uv": [6.75, 7.5, 6.5, 9.5], "texture": "#2"}
			}
		},
		{
			"name": "octagon",
			"from": [2.6, 4.1, 6.44315],
			"to": [3.6, 11.9, 9.55685],
			"rotation": {"angle": 45, "axis": "x", "origin": [3.1, 8, 8]},
			"faces": {
				"north": {"uv": [6.75, 7.5, 7, 9.5], "texture": "#2"},
				"east": {"uv": [7, 1.5, 7.75, 3.5], "texture": "#2"},
				"south": {"uv": [7.75, 6.75, 8, 8.75], "texture": "#2"},
				"west": {"uv": [7, 3.5, 7.75, 5.5], "texture": "#2"},
				"up": {"uv": [1, 9.75, 0.75, 9], "texture": "#2"},
				"down": {"uv": [9.25, 0.75, 9, 1.5], "texture": "#2"}
			}
		},
		{
			"name": "octagon",
			"from": [2.6, 4.1, 6.44315],
			"to": [3.6, 11.9, 9.55685],
			"rotation": {"angle": 0, "axis": "y", "origin": [3.1, 8, 8]},
			"faces": {
				"north": {"uv": [8, 6, 8.25, 8], "texture": "#2"},
				"east": {"uv": [7, 6.75, 7.75, 8.75], "texture": "#2"},
				"south": {"uv": [8, 8, 8.25, 10], "texture": "#2"},
				"west": {"uv": [3, 7.5, 3.75, 9.5], "texture": "#2"},
				"up": {"uv": [1.25, 9.75, 1, 9], "texture": "#2"},
				"down": {"uv": [1.5, 9, 1.25, 9.75], "texture": "#2"}
			}
		}
	],
	"display": {
		"head": {
			"rotation": [0, 90, 0],
			"translation": [0, 0, -8],
			"scale": [4, 4, 4]
		}
	},
	"groups": [
		{
			"name": "octagon",
			"origin": [8, 8, 8],
			"color": 0,
			"children": [0, 1, 2, 3, 4, 5, 6, 7]
		},
		{
			"name": "octagon",
			"origin": [8, 8, 8],
			"color": 0,
			"children": [
				8,
				9,
				10,
				11,
				{
					"name": "octagon",
					"origin": [8, 8, 8],
					"color": 0,
					"children": [12, 13, 14, 15]
				}
			]
		}
	]
}