{
	"credit": "Made with Blockbench",
	"texture_size": [64, 64],
	"textures": {
		"0": "3d_texture/villager_boss_leg",
		"particle": "3d_texture/villager_boss_leg"
	},
	"elements": [
		{
			"from": [3, 0, 3.1],
			"to": [13, 24, 13.1],
			"faces": {
				"north": {"uv": [0, 0, 2.5, 6], "texture": "#0"},
				"east": {"uv": [0, 6, 2.5, 12], "texture": "#0"},
				"south": {"uv": [0, 6, 2.5, 12], "texture": "#0"},
				"west": {"uv": [0, 6, 2.5, 12], "texture": "#0"},
				"up": {"uv": [10, 5.5, 7.5, 3], "texture": "#0"},
				"down": {"uv": [11.5, 5.5, 9, 8], "texture": "#0"}
			}
		},
		{
			"from": [3.1, 0.1, 1],
			"to": [12.9, 4, 13],
			"faces": {
				"north": {"uv": [10, 0, 12.5, 1], "texture": "#0"},
				"east": {"uv": [6.5, 9.75, 9.5, 10.75], "texture": "#0"},
				"south": {"uv": [10, 1, 12.5, 2], "texture": "#0"},
				"west": {"uv": [9.5, 9.75, 12.5, 10.75], "texture": "#0"},
				"up": {"uv": [9, 9, 6.5, 6], "texture": "#0"},
				"down": {"uv": [10, 0, 7.5, 3], "texture": "#0"}
			}
		},
		{
			"from": [4, 0.2, -3],
			"to": [12, 3, 13],
			"faces": {
				"north": {"uv": [10, 2, 12, 2.75], "texture": "#0"},
				"east": {"uv": [6.5, 9, 10.5, 9.75], "texture": "#0"},
				"south": {"uv": [2.5, 10, 4.5, 10.75], "texture": "#0"},
				"west": {"uv": [9, 8, 13, 8.75], "texture": "#0"},
				"up": {"uv": [4.5, 10, 2.5, 6], "texture": "#0"},
				"down": {"uv": [6.5, 6, 4.5, 10], "texture": "#0"}
			}
		}
	],
	"display": {
		"head": {
			"scale": [4, 4, 4]
		}
	}
}