{
	"credit": "Made with Blockbench",
	"texture_size": [64, 64],
	"textures": {
		"2": "3d_texture/woodman",
		"particle": "oak_log"
	},
	"elements": [
		{
			"from": [4, 0, -1],
			"to": [13, 16, 17],
			"faces": {
				"north": {"uv": [6.75, 0, 9, 4], "texture": "#2"},
				"east": {"uv": [0, 0, 4.5, 4], "texture": "#2"},
				"south": {"uv": [6.75, 4, 9, 8], "texture": "#2"},
				"west": {"uv": [0, 4, 4.5, 8], "texture": "#2"},
				"up": {"uv": [6.75, 4.5, 4.5, 0], "texture": "#2"},
				"down": {"uv": [6.75, 4.5, 4.5, 9], "texture": "#2"}
			}
		},
		{
			"from": [8, 8, -8],
			"to": [8, 11, -1],
			"faces": {
				"north": {"uv": [0, 0, 0, 0.75], "texture": "#2"},
				"east": {"uv": [6.75, 8, 8.5, 8.75], "texture": "#2"},
				"south": {"uv": [0, 0, 0, 0.75], "texture": "#2"},
				"west": {"uv": [8.5, 8, 10.25, 8.75], "texture": "#2"},
				"up": {"uv": [0, 1.75, 0, 0], "texture": "#2"},
				"down": {"uv": [0, 0, 0, 1.75], "texture": "#2"}
			}
		},
		{
			"from": [8, 8, 17],
			"to": [8, 11, 24],
			"faces": {
				"north": {"uv": [0, 0, 0, 0.75], "texture": "#2"},
				"east": {"uv": [0, 8, 1.75, 8.75], "texture": "#2"},
				"south": {"uv": [0, 0, 0, 0.75], "texture": "#2"},
				"west": {"uv": [1.75, 8, 3.5, 8.75], "texture": "#2"},
				"up": {"uv": [0, 1.75, 0, 0], "texture": "#2"},
				"down": {"uv": [0, 0, 0, 1.75], "texture": "#2"}
			}
		}
	],
	"display": {
		"head": {
			"rotation": [0, 90, 0],
			"translation": [0, 4.25, 0.75],
			"scale": [1.45, 1.35, 1.35]
		}
	}
}