{
  "pools": [
    {
      "rolls": 0.5,
      "bonus_rolls": 0.1,
      "entries": [
        {
          "type": "minecraft:item",
          "weight": 3,
          "name": "minecraft:gold_ingot",
          "functions": [
            {
              "function": "minecraft:set_count",
              "count": {
                "min": 0,
                "max": 4
              }
            }
          ]
        },
        {
          "type": "minecraft:item",
          "weight": 30,
          "name": "minecraft:iron_ingot",
          "functions": [
            {
              "function": "minecraft:set_lore",
              "entity": "this",
              "lore": [
                  {
                    "text": "とても重い鉄の塊。",
                    "color": "#D8D8D8",
                    "bold": false,
                    "italic": false,
                    "underlined": false,
                    "strikethrough": false,
                    "obfuscated": false
                  }
              ]
            },
            {
              "function": "minecraft:set_lore",
              "entity": "this",
              "lore": [
                {
                  "text": "武器の強化に使えそうだ。",
                  "color": "#D8D8D8",
                  "bold": false,
                  "italic": false,
                  "underlined": false,
                  "strikethrough": false,
                  "obfuscated": false
                }
              ]
            },
            {
              "function": "minecraft:set_lore",
              "entity": "this",
              "lore": [
                {
                  "text": "⎯⎯⎯⎯⎯⎯⎯⎯⎯⎯⎯⎯⎯⎯⎯⎯⎯⎯⎯⎯⎯",
                  "color": "dark_gray",
                  "strikethrough": true
                }
              ]
            },
            {
              "function": "minecraft:set_lore",
              "entity": "this",
              "lore": [
                [
                {
                  "text": "売値:",
                  "color": "white",
                  "bold": false,
                  "italic": false,
                  "underlined": false,
                  "strikethrough": false,
                  "obfuscated": false
                },
                {
                  "text": "15",
                  "color": "white",
                  "bold": false,
                  "italic": false,
                  "underlined": false,
                  "strikethrough": false,
                  "obfuscated": false
                },
                {
                  "text": "G",
                  "color": "yellow",
                  "bold": false,
                  "italic": false,
                  "underlined": false,
                  "strikethrough": false,
                  "obfuscated": false
                }
                ]
              ]
            },
            {
              "function": "minecraft:set_name",
              "entity": "this",
              "name": {
                "text": "鉄の塊",
                "color": "#AAAAFF",
                "bold": false,
                "italic": false,
                "underlined": false,
                "strikethrough": false,
                "obfuscated": false
              }
            },
            {
              "function": "minecraft:set_count",
              "count": {
                "min": 1,
                "max": 3
              }
            },
            {
              "function": "minecraft:set_nbt",
              "tag": "{sell:15,rarity:3}"
            },
            {
              "function": "minecraft:set_lore",
              "entity": "this",
              "lore": [
              [
                {
                  "text": "⎯⎯⎯⎯⎯⎯⎯⎯⎯⎯⎯⎯⎯⎯⎯⎯⎯⎯⎯⎯⎯",
                  "color": "dark_gray",
                  "strikethrough": true
                }
              ],
              [
                {
                  "text": "ﾚｱﾘﾃｨ:【",
                  "color": "white",
                  "italic":false,
                  "strikethrough": false
                },
                {
                  "text": "レア",
                  "color": "#0000FF",
                  "bold": true,
                  "italic":false,
                  "strikethrough": false
                },
                {
                  "text": "】",
                  "color": "white",
                  "italic":false,
                  "strikethrough": false
                }
              ]
            ]
            }
          ]
        }
      ]
    }
  ]
}
