{
  "pools": [
    {
      "rolls": 0.5,
      "bonus_rolls": 0.1,
      "entries": [
        {
          "type": "minecraft:item",
          "weight": 17,
          "name": "minecraft:structure_void",
          "functions": [
            {
              "function": "minecraft:set_lore",
              "entity": "this",
              "lore": [
                {
                  "text": "金の粒。そんなに価値はない。",
                  "color": "#D8D8D8",
                  "bold": false,
                  "italic": false,
                  "underlined": false,
                  "strikethrough": false
                }
              ]
            },
            {
              "function": "minecraft:set_name",
              "entity": "this",
              "name": {
                "text": "金の粒",
                "color": "white",
                "bold": false,
                "italic": false,
                "underlined": false,
                "strikethrough": false,
                "obfuscated": false
              }
            },
            {
              "function": "minecraft:set_count",
              "count": {
                "min": 3,
                "max": 8
              }
            },
            {
              "function": "minecraft:set_nbt",
              "tag": "{CustomModelData:1}"
            }
          ]
        },
        {
          "type": "minecraft:item",
          "weight": 1,
          "name": "minecraft:barrier",
          "functions": [
            {
              "function": "minecraft:set_lore",
              "entity": "this",
              "lore": [
                {
                  "text": "光り輝くダイヤモンドのかけら。",
                  "color": "white",
                  "bold": false,
                  "italic": false,
                  "underlined": false,
                  "strikethrough": false
                }
              ]
            },
            {
              "function": "minecraft:set_lore",
              "entity": "this",
              "lore": [
                {
                  "text": "小さいのにとても高く売れる。",
                  "color": "white",
                  "italic": false
                }
              ],
              "replace": false
            },
            {
              "function": "minecraft:set_lore",
              "entity": "this",
              "lore": [
                {
                  "text": "⎯⎯⎯⎯⎯⎯⎯⎯⎯⎯⎯⎯⎯⎯⎯⎯⎯⎯⎯⎯⎯",
                  "color": "dark_gray",
                  "strikethrough": true
                }
              ]
            },
            {
              "function": "minecraft:set_lore",
              "entity": "this",
              "lore": [
                [
                {
                  "text": "売値:",
                  "color": "white",
                  "bold": false,
                  "italic": false,
                  "underlined": false,
                  "strikethrough": false,
                  "obfuscated": false
                },
                {
                  "text": "100",
                  "color": "white",
                  "bold": false,
                  "italic": false,
                  "underlined": false,
                  "strikethrough": false,
                  "obfuscated": false
                },
                {
                  "text": "G",
                  "color": "yellow",
                  "bold": false,
                  "italic": false,
                  "underlined": false,
                  "strikethrough": false,
                  "obfuscated": false
                }
                ]
              ]
            },
            {
              "function": "minecraft:set_name",
              "entity": "this",
              "name": {
                "text": "ダイヤモンドのかけら",
                "color": "#D8D8D8",
                "bold": false,
                "italic": false,
                "underlined": false,
                "strikethrough": false,
                "obfuscated": false
              }
            },
            {
              "function": "minecraft:set_count",
              "count": {
                "min": 0,
                "max": 1
              }
            },
            {
              "function": "minecraft:set_nbt",
              "tag": "{CustomModelData:1,sell:100}"
            }
          ]
        },
        {
          "type": "minecraft:item",
          "weight": 3,
          "name": "minecraft:gold_ingot",
          "functions": [
            {
              "function": "minecraft:set_count",
              "count": {
                "min": 0,
                "max": 1
              }
            }
          ]
        },
        {
          "type": "minecraft:item",
          "weight": 30,
          "name": "minecraft:rotten_flesh",
          "functions": [
            {
              "function": "minecraft:set_lore",
              "entity": "this",
              "lore": [
                  {
                    "text": "異常と言えるほどに臭い肉。",
                    "color": "white",
                    "bold": false,
                    "italic": false,
                    "underlined": false,
                    "strikethrough": false,
                    "obfuscated": false
                  }
              ]
            },
            {
              "function": "minecraft:set_lore",
              "entity": "this",
              "lore": [
                {
                  "text": "ほんとに触りたくない",
                  "color": "#D8D8D8",
                  "bold": false,
                  "italic": false,
                  "underlined": false,
                  "strikethrough": true,
                  "obfuscated": false
                }
              ]
            },
            {
              "function": "minecraft:set_lore",
              "entity": "this",
              "lore": [
                {
                  "text": "⎯⎯⎯⎯⎯⎯⎯⎯⎯⎯⎯⎯⎯⎯⎯⎯⎯⎯⎯⎯⎯",
                  "color": "dark_gray",
                  "strikethrough": true
                }
              ]
            },
            {
              "function": "minecraft:set_lore",
              "entity": "this",
              "lore": [
                [
                {
                  "text": "売値:",
                  "color": "white",
                  "bold": false,
                  "italic": false,
                  "underlined": false,
                  "strikethrough": false,
                  "obfuscated": false
                },
                {
                  "text": "2",
                  "color": "white",
                  "bold": false,
                  "italic": false,
                  "underlined": false,
                  "strikethrough": false,
                  "obfuscated": false
                },
                {
                  "text": "G",
                  "color": "yellow",
                  "bold": false,
                  "italic": false,
                  "underlined": false,
                  "strikethrough": false,
                  "obfuscated": false
                }
                ]
              ]
            },
            {
              "function": "minecraft:set_name",
              "entity": "this",
              "name": {
                "text": "腐肉",
                "color": "FFFFFF",
                "bold": false,
                "italic": false,
                "underlined": false,
                "strikethrough": false,
                "obfuscated": false
              }
            },
            {
              "function": "minecraft:set_count",
              "count": {
                "min": 1,
                "max": 3
              }
            },
            {
              "function": "minecraft:set_nbt",
              "tag": "{Poison:1,sell:3}"
            }
          ]
        }
      ]
    }
  ]
}
