{
    "type": "minecraft:command",
    "pools": [
      {
        "rolls": 1,
        "entries": [
          {
            "type": "minecraft:item",
            "name": "minecraft:bowl",
            "functions": [
              {
                "function": "minecraft:set_name",
                "entity": "this",
                "name": [
                  {
                    "text": "",
                    "color": "white",
                    "italic": false
                  },
                  {
                    "text": "ボウル",
                    "color": "white",
                    "italic": false
                  }
                ]
              },
              {
                "function": "minecraft:set_nbt",
                "tag": "{buy:20,sell:10,HideFlags:127,cook:{type:1,tool:1b}}"
              },
              {
                "function": "minecraft:set_lore",
                "entity": "this",
                "lore": [
                  [
                    {
                      "text": "",
                      "color": "#D8D8D8",
                      "italic": false
                    },
                    {
                      "text": "料理に使うボウル。"
                    }
                  ],
                  [
                    {
                      "text": "",
                      "color": "#D8D8D8",
                      "italic": false
                    },
                    {
                      "text": "主にスープなどの汁物をいれる。"
                    }
                  ]
                ]
              },
              {
                "function": "minecraft:set_lore",
                "entity": "this",
                "lore": [
                  {
                    "text": "⎯⎯⎯⎯⎯⎯⎯⎯⎯⎯⎯⎯⎯⎯⎯⎯⎯⎯⎯⎯⎯",
                    "color": "dark_gray",
                    "strikethrough": true
                  }
                ]
              },
              {
                "function": "minecraft:set_lore",
                "entity": "this",
                "lore": [
                  [
                    {
                      "text": "ﾎﾞｰﾅｽ▸ ",
                      "color": "white",
                      "italic": false
                    }
                  ]
                ]
              },
              {
                "function": "minecraft:set_lore",
                "entity": "this",
                "lore": [
                  [
                    {
                      "text": "無し",
                      "color": "#E0E0E0",
                      "italic": false
                    }
                  ]
                ]
              },
              {
                "function": "minecraft:set_lore",
                "entity": "this",
                "lore": [
                  {
                    "text": "⎯⎯⎯⎯⎯⎯⎯⎯⎯⎯⎯⎯⎯⎯⎯⎯⎯⎯⎯⎯⎯",
                    "color": "dark_gray",
                    "strikethrough": true
                  }
                ]
              },
              {
                "function": "minecraft:set_lore",
                "entity": "this",
                "lore": [
                  [
                    {
                      "text": "売値: ",
                      "color": "#E0E0E0",
                      "italic": false
                    },
                    {
                      "text": "10",
                      "color": "#E0E0E0",
                      "italic": false
                    },
                    {
                      "text": "G",
                      "color": "#FFEE59",
                      "italic": false
                    }
                  ]
                ]
              }
            ]
          }
        ]
      }
    ]
  }
  