{
    "parent":"minecraft:item/generated",
    "textures": {
        "layer0": "minecraft:item/barrier"
    },

    "overrides": [
        {"predicate": {"custom_model_data":1}, "model": "minecraft:item/diamond_nugget"},
        {"predicate": {"custom_model_data":2}, "model": "custom_model/test"},
        {"predicate": {"custom_model_data":3}, "model": "custom_model/meisai"},
        {"predicate": {"custom_model_data":4}, "model": "custom_model/rpg_crafting_table"},
        {"predicate": {"custom_model_data":5}, "model": "custom_model/woodman"},
        {"predicate": {"custom_model_data":6}, "model": "custom_model/cooking_nabe"},
        {"predicate": {"custom_model_data":7}, "model": "custom_model/mila"},
        {"predicate": {"custom_model_data":101}, "model": "minecraft:item/yazi0"},
        {"predicate": {"custom_model_data":102}, "model": "minecraft:item/yazi1"},
        {"predicate": {"custom_model_data":103}, "model": "minecraft:item/yazi2"},
        {"predicate": {"custom_model_data":104}, "model": "minecraft:item/yazi3"},
        {"predicate": {"custom_model_data":105}, "model": "minecraft:item/yazi4"},
        {"predicate": {"custom_model_data":106}, "model": "minecraft:item/yazi5"},
        {"predicate": {"custom_model_data":107}, "model": "minecraft:item/yazi6"},
        {"predicate": {"custom_model_data":108}, "model": "minecraft:item/yazi7"},
        {"predicate": {"custom_model_data":109}, "model": "minecraft:item/yazi8"},
        {"predicate": {"custom_model_data":110}, "model": "minecraft:item/yazi9"},
        {"predicate": {"custom_model_data":111}, "model": "minecraft:item/yazi10"},
        {"predicate": {"custom_model_data":112}, "model": "minecraft:item/yazi11"},
        {"predicate": {"custom_model_data":113}, "model": "minecraft:item/yazi12"},
        {"predicate": {"custom_model_data":114}, "model": "minecraft:item/yazi13"},
        {"predicate": {"custom_model_data":1100}, "model": "custom_model/big_sweep1"},
        {"predicate": {"custom_model_data":1101}, "model": "custom_model/big_sweep2"},
        {"predicate": {"custom_model_data":1102}, "model": "custom_model/big_sweep3"},
        {"predicate": {"custom_model_data":1103}, "model": "custom_model/big_sweep4"},
        {"predicate": {"custom_model_data":1501}, "model": "custom_model/villager_boss_leg"}
    ]
}