{
    "parent":"minecraft:item/handheld",
    "textures": {
        "layer0": "minecraft:item/carrot_on_a_stick"
    },

    "overrides": [
        {"predicate": {"custom_model_data":1}, "model": "minecraft:item/cristal_hammer"},
        {"predicate": {"custom_model_data":2}, "model": "minecraft:item/big_iron_spear"},
        {"predicate": {"custom_model_data":3}, "model": "minecraft:item/big_iron_sword"},
        {"predicate": {"custom_model_data":4}, "model": "minecraft:item/big_iron_scythe"},
        {"predicate": {"custom_model_data":5}, "model": "minecraft:item/big_iron_hammer"},
        {"predicate": {"custom_model_data":6}, "model": "minecraft:item/big_iron_knife"},
        {"predicate": {"custom_model_data":7}, "model": "minecraft:item/big_magic_wand"},
        {"predicate": {"custom_model_data":11}, "model": "minecraft:item/wooden_spear"},
        {"predicate": {"custom_model_data":12}, "model": "minecraft:item/wooden_sword"},
        {"predicate": {"custom_model_data":13}, "model": "minecraft:item/wooden_hammer"},
        {"predicate": {"custom_model_data":14}, "model": "minecraft:item/wooden_knife"},
        {"predicate": {"custom_model_data":15}, "model": "minecraft:item/wooden_wand"},
        {"predicate": {"custom_model_data":1600}, "model": "minecraft:item/sea_pickle"}
    ]
}