{
  "parent": "minecraft:item/generated",
  "textures": {
    "layer0": "minecraft:item/knowledge_book"
  },
  
  "overrides": [
      {"predicate": {"custom_model_data":1}, "model": "minecraft:misc/destructim"},
      {"predicate": {"custom_model_data":2}, "model": "minecraft:misc/blazim"},
      {"predicate": {"custom_model_data":3}, "model": "minecraft:misc/thundim"},
      {"predicate": {"custom_model_data":4}, "model": "minecraft:misc/waterim"},
      {"predicate": {"custom_model_data":5}, "model": "minecraft:misc/hailim"},
      {"predicate": {"custom_model_data":6}, "model": "minecraft:misc/requiem"},
      {"predicate": {"custom_model_data":7}, "model": "minecraft:custom_model/warden_flame"}
  ]
}