{
    "pools": [
      {
        "rolls": 1,
        "bonus_rolls": 0,
        "entries": [
          {
            "type": "minecraft:item",
            "name": "minecraft:stone_button",
            "functions": [
              {
                "function": "minecraft:set_name",
                "entity": "this",
                "name": {
                  "text": "-",
                  "bold": false,
                  "italic": false,
                  "underlined": false,
                  "strikethrough": false,
                  "obfuscated": false,
                  "extra": [
                    {
                      "score": {
                        "name": "$Damage",
                        "objective": "Temporary"
                      },
                      "bold": true,
                      "italic": false,
                      "underlined": false,
                      "strikethrough": false,
                      "obfuscated": false
                    }
                  ]
                }
              }
            ]
          }
        ]
      }
    ]
  }
  