{
  "attack:test_2": {
    "criteria": {
      "test": "2023-11-13 22:48:18 +0900"
    },
    "done": true
  },
  "attack:test": {
    "criteria": {
      "test": "2023-11-13 22:48:18 +0900"
    },
    "done": true
  },
  "adventure:rpg/start_of_your_life": {
    "criteria": {
      "requirement": "2023-11-13 22:49:10 +0900"
    },
    "done": true
  },
  "status:entity_hurt_player": {
    "criteria": {
      "a": "2023-11-13 22:51:12 +0900"
    },
    "done": true
  },
  "adventure:rpg/first_levelup": {
    "criteria": {
      "requirement": "2023-11-13 22:51:16 +0900"
    },
    "done": true
  },
  "DataVersion": 3578
}