{
    "type": "minecraft:command",
    "pools": [
      {
        "rolls": 1,
        "entries": [
          {
            "type": "minecraft:item",
            "name": "minecraft:gold_block",
            "functions": [
              {
                "function": "minecraft:set_nbt",
                "tag": "{menu:{blank:1b,button:\"buy\",buy:1b}}"
              },
              {
                "function": "minecraft:set_name",
                "entity": "this",
                "name": [
                  {
                    "text": "",
                    "color": "white",
                    "italic": false
                  },
                  {
                    "text": "買う!",
                    "color": "white",
                    "italic": false,
                    "extra": [
                      {
                        "text": "[",
                        "italic": false
                      },
                      {
                        "score": {
                          "name": "$BuyPrice2",
                          "objective": "Temporary"
                        },
                        "color": "White",
                        "bold": false,
                        "italic": false,
                        "underlined": false,
                        "strikethrough": false,
                        "obfuscated": false,
                        "extra": [
                          {
                            "text": "G",
                            "color": "yellow",
                            "bold": true,
                            "italic": false,
                            "extra": [
                              {
                                "text": "]",
                                "color": "white",
                                "italic": false
                              }
                            ]
                          }
                        ]
                      }
                    ]
                  }
                ]
              }
            ]
          }
        ]
      }
    ]
  }
  