{
  "type": "minecraft:command",
  "pools": [
    {
      "rolls": 1,
      "entries": [
        {
          "type": "minecraft:item",
          "name": "minecraft:crafting_table",
          "functions": [
            {
              "function": "minecraft:set_nbt",
              "tag": "{menu:{blank:1b,button:\"craft\",craft:1b}}"
            },
            {
              "function": "minecraft:set_name",
              "entity": "this",
              "name": [
                {
                  "text": "",
                  "color": "white",
                  "italic": false
                },
                {
                  "text": "クラフト！",
                  "color": "white",
                  "italic": false
                }
              ]
            }
          ]
        }
      ]
    }
  ]
}
