{
  "type": "minecraft:command",
  "pools": [
    {
      "rolls": 1,
      "entries": [
        {
          "type": "minecraft:item",
          "name": "minecraft:red_stained_glass_pane",
          "functions": [
            {
              "function": "minecraft:set_count",
              "count": 16,
              "add": false
            },
            {
              "function": "minecraft:set_nbt",
              "tag": "{menu:{blank:1b,button:\"multiple\",multiple:-16}}"
            },
            {
              "function": "minecraft:set_name",
              "entity": "this",
              "name": [
                {
                  "text": "",
                  "color": "white",
                  "italic": false
                },
                {
                  "text": "-16",
                  "color": "white",
                  "italic": false
                }
              ]
            }
          ]
        }
      ]
    }
  ]
}
