{
    "type": "minecraft:command",
    "pools": [
      {
        "rolls": 1,
        "entries": [
          {
            "type": "minecraft:item",
            "name": "minecraft:arrow",
            "functions": [
              {
                "function": "minecraft:set_nbt",
                "tag": "{menu:{blank:1b,button:\"back\",back:1b}}"
              },
              {
                "function": "minecraft:set_name",
                "entity": "this",
                "name": [
                  {
                    "text": "",
                    "color": "white",
                    "italic": false
                  },
                  {
                    "text": "戻る",
                    "color": "white",
                    "italic": false
                  }
                ]
              }
            ]
          }
        ]
      }
    ]
  }
  