{
  "type": "minecraft:block",
  "pools": [
    {
      "rolls": {
        "type": "minecraft:uniform",
        "min": 0,
        "max": 1
      },
      "bonus_rolls": 0.5,
      "entries": [
        {
          "type": "minecraft:alternatives",
          "children": [
            {
              "type": "minecraft:item",
              "name": "minecraft:structure_void",
              "functions": [
                {
                  "function": "minecraft:set_nbt",
                  "tag": "{CustomModelData:2}"
                },
                {
                  "function": "minecraft:set_name",
                  "entity": "this",
                  "name": {
                    "text": "マグタイト",
                    "color": "gold",
                    "bold": false,
                    "italic": false,
                    "underlined": false,
                    "strikethrough": false,
                    "obfuscated": false
                  }
                },
                {
                  "function": "minecraft:set_lore",
                  "entity": "this",
                  "lore": [
                    {
                      "text": "常時高温の熱を持っている希少な鉱石。",
                      "color": "gray",
                      "bold": false,
                      "italic": false,
                      "underlined": false,
                      "strikethrough": false,
                      "obfuscated": false
                    }
                  ],
                  "replace": true
                }
              ]
            }
          ]
        }
      ]
    },
    {
      "rolls": {
        "min": 1,
        "max": 3
      },
      "entries": [
        {
          "type": "minecraft:item",
          "name": "minecraft:structure_void",
          "functions": [
            {
              "function": "minecraft:set_nbt",
              "tag": "{CustomModelData:3}"
            },
            {
              "function": "minecraft:set_name",
              "entity": "this",
              "name": {
                "text": "マグタイトのかけら",
                "color": "gold",
                "bold": false,
                "italic": false,
                "underlined": false,
                "strikethrough": false,
                "obfuscated": false
              }
            },
            {
              "function": "minecraft:set_lore",
              "entity": "this",
              "lore": [
                {
                  "text": "常時高温の熱を持っているが、小さいからかそんなに熱くない。",
                  "color": "gray",
                  "bold": false,
                  "italic": false,
                  "underlined": false,
                  "strikethrough": false,
                  "obfuscated": false
                }
              ],
              "replace": true
            }
          ]
        }
      ]
    }
  ]
}
